O1,O2,O3,O4,O5,O6,O7,H_exact,H_L_exact,H_R_exact,G_exact,K_exact,model,param,layer,type,shape,n
-0.1867723073810339,-0.08187121339142323,-0.03325330698862672,4.837888263864443e-05,0.033360769506543875,0.08210064470767975,0.18698794580996037,0.1346429005676691,0.09890605973833076,0.0989031256424716,3.710988893064194e-05,0.7345696822736935,GPT2-Small,transformer.h.0.attn.c_attn.weight,0,attn_input,"(768, 2304)",1769472
-0.07048834767192602,-0.02455331850796938,-0.010058154934085906,1.3942024907009909e-05,0.010097600985318422,0.024617795832455158,0.07079296465963125,0.07300903708268201,0.06243068949679567,0.06205071577951123,-0.0024013612829309012,0.8525068282665675,GPT2-Small,transformer.h.0.attn.c_proj.weight,0,attn_output,"(768, 768)",589824
-0.15042240731418133,-0.07952108420431614,-0.034849526826292276,-0.0005294469883665442,0.03422738192602992,0.07815448194742203,0.1484556905925274,0.1051669031877882,0.06933902732326623,0.06869996507113452,-0.002083198945028973,0.6562853341222546,GPT2-Small,transformer.h.0.mlp.c_fc.weight,0,ffn_input,"(768, 3072)",2359296
-0.09039894491434097,-0.051525114104151726,-0.023693974129855633,-5.738386562370579e-06,0.02363716810941696,0.05151612218469381,0.09050564467906952,0.06414202084143517,0.039756387691312525,0.03981893232701952,0.00021432797791137102,0.6203056824094253,GPT2-Small,transformer.h.0.mlp.c_proj.weight,0,ffn_output,"(3072, 768)",2359296
-0.13859985955059528,-0.07189526408910751,-0.03152611618861556,-8.507071106578223e-05,0.03136046743020415,0.07187127321958542,0.13860828056931496,0.10081968063793549,0.06780464812870797,0.0679844414572285,0.0011223867524414787,0.673425509418064,GPT2-Small,transformer.h.1.attn.c_attn.weight,1,attn_input,"(768, 2304)",1769472
-0.0936564402654767,-0.05279315635561943,-0.023967765271663666,-0.00019670779147418216,0.023951224982738495,0.052769992500543594,0.09333335515111685,0.06751071043423824,0.04286169894304819,0.04280778443456212,0.00168786655862714,0.634488089568102,GPT2-Small,transformer.h.1.attn.c_proj.weight,1,attn_output,"(768, 768)",589824
-0.14156833849847317,-0.07908838242292404,-0.03568103117868304,0.0006553533021360636,0.036532027181237936,0.07996978983283043,0.14294492825865746,0.09996378456836713,0.06252161769657379,0.06281045228482347,-0.00013327546886038785,0.6268873798774609,GPT2-Small,transformer.h.1.mlp.c_fc.weight,1,ffn_input,"(768, 3072)",2359296
-0.09143371600657701,-0.051672604866325855,-0.023068354232236743,6.519935777760111e-05,0.02327129733748734,0.05175889376550913,0.09134992212057114,0.06410802303614699,0.04017974686882278,0.040207324413708063,0.0005107143828258085,0.6269657639980958,GPT2-Small,transformer.h.1.mlp.c_proj.weight,1,ffn_output,"(3072, 768)",2359296
-0.15328417345881462,-0.08211196027696133,-0.036157471127808094,0.00011155518586747348,0.0363998394459486,0.08242261968553066,0.15350419655442238,0.11127916023757674,0.07346663242669936,0.07342104439352985,-0.0002641928206024575,0.6599963394162468,GPT2-Small,transformer.h.2.attn.c_attn.weight,2,attn_input,"(768, 2304)",1769472
-0.08625013381242752,-0.04979707486927509,-0.023110777139663696,1.2540552233986091e-05,0.023058305261656642,0.049533335492014885,0.0858374023810029,0.061074651887985804,0.03745644448931846,0.03743089459307766,-0.000745567189822291,0.6130803595879967,GPT2-Small,transformer.h.2.attn.c_proj.weight,2,attn_output,"(768, 768)",589824
-0.1516402568668127,-0.08844983391463757,-0.04348068777471781,-0.004225828917697072,0.03465146478265524,0.07886957935988903,0.1408502496778965,0.10279224472092646,0.06343453201564841,0.06221899133101486,-0.008127371807744742,0.6112013785077052,GPT2-Small,transformer.h.2.mlp.c_fc.weight,2,ffn_input,"(768, 3072)",2359296
-0.09824792481958866,-0.05651313718408346,-0.026206522015854716,2.0045394194312394e-05,0.026257451623678207,0.056607685983181,0.09828453697264194,0.06946746478873059,0.04245850165176532,0.04279701782618063,0.0025494419361351234,0.6136363241211632,GPT2-Small,transformer.h.2.mlp.c_proj.weight,2,ffn_output,"(3072, 768)",2359296
-0.15417632833123207,-0.08607739210128784,-0.03953905729576945,-7.77095410740003e-05,0.039418102242052555,0.08584780804812908,0.1543037947267294,0.10865445956490115,0.06805178917085358,0.06811745577076908,0.000489860334586857,0.6266159966507701,GPT2-Small,transformer.h.3.attn.c_attn.weight,3,attn_input,"(768, 2304)",1769472
-0.09028295148164034,-0.051735274493694305,-0.023989652981981635,2.6995359803549945e-05,0.02417522040195763,0.051841624081134796,0.09056347887963057,0.06414998218433476,0.03953250855196978,0.03949988255243606,0.00010516125256245019,0.6159969840467495,GPT2-Small,transformer.h.3.attn.c_proj.weight,3,attn_output,"(768, 768)",589824
-0.15187940746545792,-0.09005441330373287,-0.0450404928997159,-0.005466438829898834,0.03393180528655648,0.07843084447085857,0.13953751884400845,0.10187181314504296,0.0618853572069003,0.06116253769914193,-0.004747004239422218,0.6039349409185896,GPT2-Small,transformer.h.3.mlp.c_fc.weight,3,ffn_input,"(768, 3072)",2359296
-0.09748751204460859,-0.056075592525303364,-0.026057176990434527,2.2247731976676732e-06,0.02608357183635235,0.05604910384863615,0.097385473549366,0.0687584353578087,0.041945114457693854,0.04228496981902321,0.002533968194009333,0.6125072788407429,GPT2-Small,transformer.h.3.mlp.c_proj.weight,3,ffn_output,"(3072, 768)",2359296
-0.15472606010735035,-0.08667192608118057,-0.03972308384254575,0.00019652093760669231,0.040109921246767044,0.08689425513148308,0.15501197427511215,0.11040076537330704,0.06944132987216016,0.06937693963366286,-0.00040272457287358616,0.6287015721151279,GPT2-Small,transformer.h.4.attn.c_attn.weight,4,attn_input,"(768, 2304)",1769472
-0.09971234761178493,-0.05653699114918709,-0.026197133120149374,-9.425818643649109e-05,0.02615497726947069,0.056634838692843914,0.09975882060825825,0.07071726217439961,0.043897016119844076,0.04388670942603772,0.0011717389258531596,0.620666884200025,GPT2-Small,transformer.h.4.attn.c_proj.weight,4,attn_output,"(768, 768)",589824
-0.14883688278496265,-0.08682159148156643,-0.04206827562302351,-0.0029390635900199413,0.03601920511573553,0.080208545550704,0.1417566053569317,0.10164903800884634,0.061928193345723415,0.06151339108470544,-0.0031933484136486036,0.6071950450710903,GPT2-Small,transformer.h.4.mlp.c_fc.weight,4,ffn_input,"(768, 3072)",2359296
-0.09845019225031137,-0.05688170436769724,-0.026400783099234104,-3.865855660478701e-06,0.02639957796782255,0.05681837256997824,0.09855959843844175,0.06939504439425032,0.042209513858628346,0.04258275531345967,0.0026492600188717133,0.6109389360021321,GPT2-Small,transformer.h.4.mlp.c_proj.weight,4,ffn_output,"(3072, 768)",2359296
-0.14157943800091743,-0.08090908452868462,-0.03771347086876631,-8.425158011959866e-05,0.03742134338244796,0.08070972748100758,0.1414793524891138,0.09946708036053888,0.06099890362321709,0.06102904298943633,-0.00024349628450641216,0.6134087085412483,GPT2-Small,transformer.h.5.attn.c_attn.weight,5,attn_input,"(768, 2304)",1769472
-0.1035658298060298,-0.059594317339360714,-0.027700885431841016,-2.9202145924500655e-05,0.027747830376029015,0.05956915766000748,0.10345417819917202,0.07261312842740246,0.04429817237308113,0.04430618834576991,0.0005534941916145112,0.6101125418899723,GPT2-Small,transformer.h.5.attn.c_proj.weight,5,attn_output,"(768, 768)",589824
-0.14668147265911102,-0.0862825084477663,-0.04237489867955446,-0.003762058215215802,0.03471136512234807,0.07807170413434505,0.137838214635849,0.09957513090849912,0.060506388428217955,0.05987112017499371,-0.004336617474754852,0.6044556884079225,GPT2-Small,transformer.h.5.mlp.c_fc.weight,5,ffn_input,"(768, 3072)",2359296
-0.10668857488781214,-0.061639477498829365,-0.028575477888807654,2.41167945205234e-05,0.02856542100198567,0.06154240947216749,0.10666481778025627,0.07507042218144322,0.04569932822900254,0.04593863849665259,0.0012238087003310738,0.610346685570574,GPT2-Small,transformer.h.5.mlp.c_proj.weight,5,ffn_output,"(3072, 768)",2359296
-0.14208579808473587,-0.08173444122076035,-0.03799191350117326,0.00020620137365767732,0.038317170925438404,0.08201313577592373,0.14205024763941765,0.09937226987149778,0.060419912517139455,0.06026831751672542,-0.0009516849266074788,0.6072530605868801,GPT2-Small,transformer.h.6.attn.c_attn.weight,6,attn_input,"(768, 2304)",1769472
-0.12472239416092634,-0.07144507020711899,-0.03312567761167884,6.266624768613838e-05,0.03305883100256324,0.07146884687244892,0.12484151124954224,0.08774351361156094,0.05383895430377142,0.05386390435886011,-0.00029280762063735235,0.6137368691401526,GPT2-Small,transformer.h.6.attn.c_proj.weight,6,attn_output,"(768, 768)",589824
-0.14542505331337452,-0.08518917858600616,-0.041222036350518465,-0.002418285352177918,0.03624790860339999,0.0795837938785553,0.13930698111653328,0.0995118994009887,0.06025738497312716,0.059716955726644115,-0.004028348555181786,0.6028140424509839,GPT2-Small,transformer.h.6.mlp.c_fc.weight,6,ffn_input,"(768, 3072)",2359296
-0.1178510719910264,-0.06812410429120064,-0.031645757146179676,-7.455645391019061e-05,0.03158121183514595,0.06802273727953434,0.11794783640652895,0.08288689996306954,0.0503967042699835,0.050668295160520994,0.002051423768352318,0.6096560462240369,GPT2-Small,transformer.h.6.mlp.c_proj.weight,6,ffn_output,"(3072, 768)",2359296
-0.14510878175497055,-0.08375795371830463,-0.03925508726388216,-0.00013382847100729123,0.03890779009088874,0.08361484855413437,0.14497407339513302,0.10130099311916797,0.06132313257395485,0.0613983682740563,0.0004225280897880968,0.6057270371655914,GPT2-Small,transformer.h.7.attn.c_attn.weight,7,attn_input,"(768, 2304)",1769472
-0.12439421191811562,-0.07113585621118546,-0.03302321629598737,0.00015231037104967982,0.03306167991831899,0.0713636577129364,0.12453414220362902,0.08768063155626568,0.05385246618364878,0.05377172155345825,-0.0014645735622185803,0.6137284017396895,GPT2-Small,transformer.h.7.attn.c_proj.weight,7,attn_output,"(768, 768)",589824
-0.14713831432163715,-0.08696944266557693,-0.04265647009015083,-0.003323503420688212,0.036056829150766134,0.0800023227930069,0.139882143586874,0.10006084930414692,0.060112218596753704,0.059726526661259674,-0.0019936354179297946,0.5988293428019443,GPT2-Small,transformer.h.7.mlp.c_fc.weight,7,ffn_input,"(768, 3072)",2359296
-0.13159812428057194,-0.07604476995766163,-0.035362142603844404,9.616300303605385e-06,0.03539672773331404,0.07605919986963272,0.13155442290008068,0.09225291257564867,0.05600375635569532,0.05612422566074266,0.0008332867332360585,0.6077205525868437,GPT2-Small,transformer.h.7.mlp.c_proj.weight,7,ffn_output,"(3072, 768)",2359296
-0.14405053853988647,-0.08375290222465992,-0.039222561288625,-0.0002637056168168783,0.038840244989842176,0.08325858041644096,0.14377069845795631,0.10021758934795745,0.06023704328129921,0.060363923783483625,0.0009323007569651915,0.6016956097699272,GPT2-Small,transformer.h.8.attn.c_attn.weight,8,attn_input,"(768, 2304)",1769472
-0.13487542420625687,-0.0779666155576706,-0.03612118540331721,0.00010230192492599599,0.03629748243838549,0.07794603332877159,0.1347537524998188,0.09467817817107442,0.05765873167284363,0.05756352899123297,-0.0009947201154448123,0.6084942850076868,GPT2-Small,transformer.h.8.attn.c_proj.weight,8,attn_output,"(768, 768)",589824
-0.14696084335446358,-0.08627291023731232,-0.041727480944246054,-0.002035098965279758,0.03776638535782695,0.08225373364984989,0.14262859150767326,0.10084876333324579,0.06039450835645393,0.06024686112025626,-0.000311707786949274,0.5981301380863814,GPT2-Small,transformer.h.8.mlp.c_fc.weight,8,ffn_input,"(768, 3072)",2359296
-0.15007414482533932,-0.08661231584846973,-0.04030940402299166,-8.797480768407695e-05,0.040269679855555296,0.08664130605757236,0.14997397735714912,0.10524640035088517,0.06395317301850012,0.06414394174348968,0.0012817185884584762,0.6085581755524262,GPT2-Small,transformer.h.8.mlp.c_proj.weight,8,ffn_output,"(3072, 768)",2359296
-0.1430859100073576,-0.08287368901073933,-0.03883570292964578,-0.00012887380580650643,0.038814921863377094,0.08288467302918434,0.1427152417600155,0.09957350263280726,0.059987998382856615,0.05989780229934652,0.0005927132136212535,0.6019965026453907,GPT2-Small,transformer.h.9.attn.c_attn.weight,9,attn_input,"(768, 2304)",1769472
-0.15027876943349838,-0.08593365922570229,-0.03985390439629555,-5.658084592141677e-05,0.0398732372559607,0.08619864098727703,0.15008297935128212,0.10552906091677945,0.06476275194836462,0.06465262616847586,0.0002719317784285069,0.6131741199653897,GPT2-Small,transformer.h.9.attn.c_proj.weight,9,attn_output,"(768, 768)",589824
-0.14815771207213402,-0.08758256770670414,-0.04265547450631857,-0.0027389995520934463,0.037376112304627895,0.0821220688521862,0.14253801479935646,0.10122640955432058,0.06049967116908404,0.06034343583006442,-1.8589372628775002e-05,0.5968951557760284,GPT2-Small,transformer.h.9.mlp.c_fc.weight,9,ffn_input,"(768, 3072)",2359296
-0.17271146923303604,-0.09965433739125729,-0.046279207803308964,-4.4532322135637514e-05,0.04627328738570213,0.09965384006500244,0.17294147424399853,0.121238235917899,0.07380601830788915,0.07393524658578272,0.0006542894970597306,0.6093014459304752,GPT2-Small,transformer.h.9.mlp.c_proj.weight,9,ffn_output,"(3072, 768)",2359296
-0.14239469170570374,-0.08234346099197865,-0.03844542149454355,6.118603778304532e-05,0.03864716412499547,0.08257962763309479,0.1424799058586359,0.09952215008709972,0.060146405520326546,0.06013302855641151,0.0003146706335769165,0.6042847445089962,GPT2-Small,transformer.h.10.attn.c_attn.weight,10,attn_input,"(768, 2304)",1769472
-0.1578370537608862,-0.0901717972010374,-0.04195754835382104,0.0001607832091394812,0.04212693637236953,0.09045897051692009,0.15756729617714882,0.11128856957054462,0.06832377763682124,0.06812830076108486,-0.0014526474823633852,0.6130552262665692,GPT2-Small,transformer.h.10.attn.c_proj.weight,10,attn_output,"(768, 768)",589824
-0.14858977869153023,-0.08811326324939728,-0.04318473767489195,-0.003035950241610408,0.03698670584708452,0.0817564595490694,0.14202011562883854,0.10123516135522975,0.06050561937049616,0.06025613491916445,-0.0016999648925776012,0.5964417534038045,GPT2-Small,transformer.h.10.mlp.c_fc.weight,10,ffn_input,"(768, 3072)",2359296
-0.1966050285845995,-0.11307894997298717,-0.05269097350537777,1.707378396531567e-05,0.05249954992905259,0.11304972507059574,0.19626802392303944,0.13795693681615892,0.08400821885656386,0.08413915276877722,-7.950709394614113e-05,0.6094197780333941,GPT2-Small,transformer.h.10.mlp.c_proj.weight,10,ffn_output,"(3072, 768)",2359296
-0.1401392612606287,-0.08050278201699257,-0.03745228657498956,0.00015702533710282296,0.03764369059354067,0.08061855100095272,0.14024658128619194,0.09929481146364631,0.06091014040951523,0.06083755679074923,-0.0010374386421287283,0.6130617270210467,GPT2-Small,transformer.h.11.attn.c_attn.weight,11,attn_input,"(768, 2304)",1769472
-0.16522394120693207,-0.09267575107514858,-0.04287596605718136,-6.109727110015228e-05,0.04285042453557253,0.09281076863408089,0.1650375183671713,0.12025644577106481,0.07633570165074754,0.07619815482350495,6.0862857688604e-05,0.6342024142499396,GPT2-Small,transformer.h.11.attn.c_proj.weight,11,attn_output,"(768, 768)",589824
-0.1486751139163971,-0.08756875805556774,-0.04232989810407162,-0.002110819914378226,0.03833936573937535,0.08373203128576279,0.1453044805675745,0.10253529006505147,0.061234088270351116,0.06155330507451633,0.0025786593432045317,0.598756746418562,GPT2-Small,transformer.h.11.mlp.c_fc.weight,11,ffn_input,"(768, 3072)",2359296
-0.21365012042224407,-0.1226789653301239,-0.05732940137386322,-0.00015248911222442985,0.0569016276858747,0.12228192575275898,0.2131967544555664,0.15085568533390611,0.09262668465723728,0.09216310160315914,-0.0018748477665424127,0.6124720651110368,GPT2-Small,transformer.h.11.mlp.c_proj.weight,11,ffn_output,"(3072, 768)",2359296
-0.1444776300340891,-0.06337574124336243,-0.026278053177520633,-4.80638427688973e-05,0.02622284833341837,0.06352008692920208,0.1446236427873373,0.10905122662815318,0.08103952986945859,0.08111261585348907,0.000738009859765243,0.7434677753596478,GPT2-Medium,transformer.h.0.attn.c_attn.weight,0,attn_input,"(1024, 3072)",3145728
-0.04304448654875159,-0.0240895445458591,-0.0111407256918028,6.635557292611338e-05,0.01121834188234061,0.02413792349398136,0.04302192619070411,0.03116790823471034,0.01973822844137525,0.01967459756751702,-0.001744157735680704,0.632266139134097,GPT2-Medium,transformer.h.0.attn.c_proj.weight,0,attn_output,"(1024, 1024)",1048576
-0.11592503264546394,-0.06693370267748833,-0.03141975589096546,-0.00028937918250449,0.03082030499354005,0.0664652157574892,0.11526256240904331,0.0803897239795881,0.04854943626147973,0.04853556774479728,1.2337237515966026e-05,0.6038396401941126,GPT2-Medium,transformer.h.0.mlp.c_fc.weight,0,ffn_input,"(1024, 4096)",4194304
-0.09184877201914787,-0.05320695787668228,-0.024903157958760858,3.797508543357253e-05,0.025055947015061975,0.053315989673137665,0.0918606435880065,0.06423024325463852,0.038720217315661346,0.03869024002233469,0.0001863230596912231,0.6026013090990876,GPT2-Medium,transformer.h.0.mlp.c_proj.weight,0,ffn_output,"(4096, 1024)",4194304
-0.104279275983572,-0.05693751014769077,-0.0260451918002218,-0.00018461402942193672,0.025649082381278276,0.05659173522144556,0.10398538503795862,0.07513065967703203,0.04842514090924929,0.04850109499874552,0.0004649917951994375,0.6450511437318436,GPT2-Medium,transformer.h.1.attn.c_attn.weight,1,attn_input,"(1024, 3072)",3145728
-0.07209878414869308,-0.03919152915477753,-0.017735734349116683,5.7543127695680596e-05,0.0177844671998173,0.03930322453379631,0.07225884776562452,0.053356390849111236,0.035056286001801794,0.034922764064917046,-0.0015823673274753631,0.655770086329635,GPT2-Medium,transformer.h.1.attn.c_proj.weight,1,attn_output,"(1024, 1024)",1048576
-0.11283670552074909,-0.06289462931454182,-0.027499593794345856,0.003091953112743795,0.03341179434210062,0.06881397031247616,0.1190511416643858,0.08170921532112742,0.050301695527912,0.05059927100820938,0.0005316939804831473,0.6174393312894266,GPT2-Medium,transformer.h.1.mlp.c_fc.weight,1,ffn_input,"(1024, 4096)",4194304
-0.08084431011229753,-0.04603862762451172,-0.02140383655205369,-2.992765985254664e-05,0.021362313767895103,0.0460022846236825,0.08072900213301182,0.05782758343578754,0.0359056259146187,0.03592601201827104,0.00040457263705526007,0.6210845557177093,GPT2-Medium,transformer.h.1.mlp.c_proj.weight,1,ffn_output,"(4096, 1024)",4194304
-0.11557323578745127,-0.061239405535161495,-0.027096546022221446,0.00016355953266611323,0.02741631679236889,0.06127290707081556,0.11557186115533113,0.08357963919040175,0.05529195011042609,0.05518344293368097,-0.0010904391004840255,0.6608989588506983,GPT2-Medium,transformer.h.2.attn.c_attn.weight,2,attn_input,"(1024, 3072)",3145728
-0.0735667236149311,-0.04154466278851032,-0.0191181858535856,5.0793485570466146e-05,0.01926875952631235,0.04170376155525446,0.07368655409663916,0.052049937909565094,0.03228906998093322,0.032359809470379065,0.000865771926507594,0.6210274406439965,GPT2-Medium,transformer.h.2.attn.c_proj.weight,2,attn_output,"(1024, 1024)",1048576
-0.11760789155960083,-0.06697596795856953,-0.029959889594465494,0.0024082650197669864,0.03479665145277977,0.07170597463846207,0.12253402918577194,0.08379180450218635,0.05059995092554303,0.050745155657235586,0.0008481867609804373,0.6047435497115607,GPT2-Medium,transformer.h.2.mlp.c_fc.weight,2,ffn_input,"(1024, 4096)",4194304
-0.08817266207188368,-0.05084375664591789,-0.023610648000612855,3.6501512568065664e-06,0.023611617973074317,0.05083446949720383,0.08812478464096785,0.06199371298715434,0.03790607165168319,0.03772363876884662,-0.0015144457035527797,0.609978873472226,GPT2-Medium,transformer.h.2.mlp.c_proj.weight,2,ffn_output,"(4096, 1024)",4194304
-0.12628996931016445,-0.06921734288334846,-0.03125546686351299,9.842848521657288e-05,0.031394675839692354,0.06940055452287197,0.1264904886484146,0.09041935993451183,0.05798961656699655,0.058029968598711734,-3.7065696123242646e-05,0.6415638489906252,GPT2-Medium,transformer.h.3.attn.c_attn.weight,3,attn_input,"(1024, 3072)",3145728
-0.07438441924750805,-0.042869445867836475,-0.020042431307956576,-5.8709210861707106e-05,0.020010616164654493,0.04290049895644188,0.07430329639464617,0.05225634299232493,0.03179810965912694,0.031777900083856066,0.0007587754271480239,0.6083090214743943,GPT2-Medium,transformer.h.3.attn.c_proj.weight,3,attn_output,"(1024, 1024)",1048576
-0.12150120735168457,-0.07033485360443592,-0.0327222840860486,0.0005856525676790625,0.034039630088955164,0.0715586356818676,0.12276680674403906,0.08525068362813594,0.051115530658372786,0.05128090437482616,0.0014696462018899939,0.6005607854117211,GPT2-Medium,transformer.h.3.mlp.c_fc.weight,3,ffn_input,"(1024, 4096)",4194304
-0.0918791675940156,-0.0529898377135396,-0.02459213393740356,-1.8763971638691146e-05,0.02455426729284227,0.05293724872171879,0.09182804357260466,0.06432497341396544,0.039286335645289674,0.03899247927750393,-0.0022495566467212276,0.6084636399227698,GPT2-Medium,transformer.h.3.mlp.c_proj.weight,3,ffn_output,"(4096, 1024)",4194304
-0.12897038459777832,-0.07196851074695587,-0.03305155225098133,3.744129753613379e-05,0.03316271025687456,0.07201384752988815,0.12897187285125256,0.09171996170071382,0.057679101216104874,0.05770661056189854,0.0001320805607858516,0.6290109025258425,GPT2-Medium,transformer.h.4.attn.c_attn.weight,4,attn_input,"(1024, 3072)",3145728
-0.07726053986698389,-0.04478795547038317,-0.02094049984589219,-6.88477894073003e-06,0.020950271282345057,0.04473848361521959,0.07731122523546219,0.05421076106392252,0.03278888599159006,0.032827394229840164,0.00023718675004972222,0.6051960803876089,GPT2-Medium,transformer.h.4.attn.c_proj.weight,4,attn_output,"(1024, 1024)",1048576
-0.12128299009054899,-0.07027571275830269,-0.03268880909308791,0.0005155549151822925,0.033815773203969,0.07143318839371204,0.12252947315573692,0.08504778260287939,0.051111201026970976,0.05105568573266628,5.963769191876928e-05,0.6006440358162747,GPT2-Medium,transformer.h.4.mlp.c_fc.weight,4,ffn_input,"(1024, 4096)",4194304
-0.0921015776693821,-0.053240071050822735,-0.024762232787907124,1.416313943991554e-05,0.024801634484902024,0.05319207813590765,0.09196606650948524,0.06453022569825607,0.039329809889688,0.03899646754173458,-0.0028055412167441616,0.6068960443256232,GPT2-Medium,transformer.h.4.mlp.c_proj.weight,4,ffn_output,"(4096, 1024)",4194304
-0.12804297544062138,-0.07229641266167164,-0.033405906055122614,-4.2657928133849055e-05,0.033354364801198244,0.07217573560774326,0.1277659758925438,0.09052609679169708,0.056325567676882383,0.05622421937514333,-0.0004215013731433753,0.621642769548574,GPT2-Medium,transformer.h.5.attn.c_attn.weight,5,attn_input,"(1024, 3072)",3145728
-0.08416163921356201,-0.04871041886508465,-0.022750818403437734,4.5848595618736e-05,0.022797094890847802,0.04868256114423275,0.0841268626973033,0.058994140518492534,0.035724576272087555,0.035680971275824834,-0.0005978573627934753,0.605191862448859,GPT2-Medium,transformer.h.5.attn.c_proj.weight,5,attn_output,"(1024, 1024)",1048576
-0.12018898315727711,-0.06925135850906372,-0.03183601377531886,0.0010723219020292163,0.03416025172919035,0.07154055126011372,0.12249597255140543,0.08454899726058422,0.05084989817173146,0.05084319956809985,0.0007179187453269321,0.6013855931750919,GPT2-Medium,transformer.h.5.mlp.c_fc.weight,5,ffn_input,"(1024, 4096)",4194304
-0.09176079276949167,-0.05304198618978262,-0.02472718828357756,1.5584130778734107e-05,0.024755045538768172,0.053006742149591446,0.09170426148921251,0.06448529101668589,0.03935815932276172,0.038975175209104,-0.0029496593690392686,0.6073736606972634,GPT2-Medium,transformer.h.5.mlp.c_proj.weight,5,ffn_output,"(4096, 1024)",4194304
-0.12311257421970367,-0.07033942826092243,-0.03256635135039687,-0.00010538273636484519,0.03238395508378744,0.0700992438942194,0.12302064336836338,0.08619236764330022,0.052838405744547484,0.05292386058265509,0.0006462730187945861,0.6135245452642089,GPT2-Medium,transformer.h.6.attn.c_attn.weight,6,attn_input,"(1024, 3072)",3145728
-0.09060666244477034,-0.0521549116820097,-0.024311149725690484,-7.034693408058956e-05,0.02437004493549466,0.05211591813713312,0.0905559379607439,0.06349708286606605,0.03862388211551056,0.03861356959152038,0.0012469343532192359,0.6081968511053284,GPT2-Medium,transformer.h.6.attn.c_proj.weight,6,attn_output,"(1024, 1024)",1048576
-0.11909852735698223,-0.06862539984285831,-0.03161197016015649,0.0011917401570826769,0.03409578464925289,0.07122304290533066,0.12176848109811544,0.08396722250210402,0.05037167848466137,0.05044720090364346,0.0010243570659557435,0.6003466375571643,GPT2-Medium,transformer.h.6.mlp.c_fc.weight,6,ffn_input,"(1024, 4096)",4194304
-0.09298464376479387,-0.05375750456005335,-0.025073733646422625,4.005295522802044e-05,0.025112960021942854,0.05370271857827902,0.09290513955056667,0.06515486289643066,0.03965852980711578,0.03932421931188527,-0.002878153248231386,0.6061155346497392,GPT2-Medium,transformer.h.6.mlp.c_proj.weight,6,ffn_output,"(4096, 1024)",4194304
-0.12060631811618805,-0.06933131627738476,-0.03228281810879707,-4.835434629058e-05,0.0321486871689558,0.06912085227668285,0.12046636082231998,0.08421848186892944,0.051228719427607615,0.051246011879539,-0.00019784902506839918,0.6083862415534257,GPT2-Medium,transformer.h.7.attn.c_attn.weight,7,attn_input,"(1024, 3072)",3145728
-0.09536955878138542,-0.05499949399381876,-0.025726885301992297,4.1321738535771146e-05,0.025660555576905608,0.05504310131072998,0.09531726874411106,0.06668609017422306,0.0403698776677686,0.040391293538677556,-0.0006419842158914458,0.6055323606126162,GPT2-Medium,transformer.h.7.attn.c_proj.weight,7,attn_output,"(1024, 1024)",1048576
-0.11868544854223728,-0.06875336915254593,-0.03200962673872709,0.0005602212331723422,0.033239349722862244,0.07004517316818237,0.12017990928143263,0.08329694426435784,0.04991274995089415,0.05008167326739049,0.0016203886341205145,0.6002286404464872,GPT2-Medium,transformer.h.7.mlp.c_fc.weight,7,ffn_input,"(1024, 4096)",4194304
-0.09745966363698244,-0.05637569073587656,-0.026373523520305753,3.794142685364932e-05,0.02630257047712803,0.056329439394176006,0.09743123780936003,0.0683656618912633,0.04153330785787011,0.0413230937135035,-0.002419037116242492,0.6059796634687606,GPT2-Medium,transformer.h.7.mlp.c_proj.weight,7,ffn_output,"(4096, 1024)",4194304
-0.12179121281951666,-0.0702552329748869,-0.03271976625546813,3.158527943014633e-05,0.03290711063891649,0.07046604715287685,0.12207224126905203,0.0850585407571539,0.051450870999977194,0.05152861308694131,0.0008261379788345796,0.605344761209399,GPT2-Medium,transformer.h.8.attn.c_attn.weight,8,attn_input,"(1024, 3072)",3145728
-0.09879962354898453,-0.0574877830222249,-0.027016926323994994,3.660346192191355e-05,0.026899764547124505,0.05737462732940912,0.09876313246786594,0.06941623695180626,0.0418763791112919,0.04190220542285911,-0.000679616509547936,0.6034509231054697,GPT2-Medium,transformer.h.8.attn.c_proj.weight,8,attn_output,"(1024, 1024)",1048576
-0.11795605067163706,-0.06800510175526142,-0.03152739396318793,0.0009141653426922858,0.03342306986451149,0.07009464874863625,0.12017678283154964,0.08302434498858262,0.04979546048642707,0.04997447126452312,0.0016906561858271703,0.6008474488095654,GPT2-Medium,transformer.h.8.mlp.c_fc.weight,8,ffn_input,"(1024, 4096)",4194304
-0.09357465710490942,-0.05432114005088806,-0.025468994164839387,-6.129220537332003e-06,0.02550590643659234,0.05424116551876068,0.09350129961967468,0.06548314198495474,0.03955513260936337,0.0393613561675896,-0.0014294801261350368,0.6025710311448148,GPT2-Medium,transformer.h.8.mlp.c_proj.weight,8,ffn_output,"(4096, 1024)",4194304
-0.11904494557529688,-0.06837200745940208,-0.03168404381722212,0.00011209887452423573,0.031866489443928,0.06853027455508709,0.11916838772594929,0.08304053222083607,0.05047869857479744,0.050468823531690306,-0.0002542631137828463,0.6078207798453786,GPT2-Medium,transformer.h.9.attn.c_attn.weight,9,attn_input,"(1024, 3072)",3145728
-0.09895816538482904,-0.05714771710336208,-0.026815372053533792,-1.9518713997968007e-05,0.026892540976405144,0.057182262651622295,0.09875195659697056,0.06991973225233108,0.04254170609607762,0.04248202886165085,8.571285684279909e-05,0.608009586270218,GPT2-Medium,transformer.h.9.attn.c_proj.weight,9,attn_output,"(1024, 1024)",1048576
-0.1185316601768136,-0.06894366815686226,-0.03244925756007433,-5.7932516938308254e-05,0.03240001434460282,0.06893832609057426,0.11870336998254061,0.08263663490323622,0.049502142747527594,0.04960162093417338,0.0008601321262782406,0.5996357656488979,GPT2-Medium,transformer.h.9.mlp.c_fc.weight,9,ffn_input,"(1024, 4096)",4194304
-0.10011366568505764,-0.057940165512263775,-0.02718219719827175,4.640766383090522e-05,0.02723139268346131,0.058055768720805645,0.10019681416451931,0.07045984076822898,0.04270225078664644,0.042635138371393315,-0.000710614761806102,0.6055746665589913,GPT2-Medium,transformer.h.9.mlp.c_proj.weight,9,ffn_output,"(4096, 1024)",4194304
-0.12159876804798841,-0.069847472012043,-0.03251248365268111,-2.1616015146719292e-05,0.03250200999900699,0.06990140117704868,0.12150713708251715,0.08476167942215405,0.05148067504713206,0.05144947412222409,-7.177332719328381e-05,0.6071738424194874,GPT2-Medium,transformer.h.10.attn.c_attn.weight,10,attn_input,"(1024, 3072)",3145728
-0.09954885765910149,-0.05750142317265272,-0.02705411263741553,-7.184542482718825e-05,0.026885753264650702,0.057363332249224186,0.09946756716817617,0.07041399048632901,0.04288456768829442,0.042927505129111254,0.0003273086995679544,0.6093396512875252,GPT2-Medium,transformer.h.10.attn.c_proj.weight,10,attn_output,"(1024, 1024)",1048576
-0.1177453575655818,-0.0685227308422327,-0.03232105914503336,-0.00017230171943083405,0.03212015051394701,0.06845670938491821,0.11778648290783167,0.08210234076950623,0.049161785974900854,0.04928753699123085,0.0015610066035660218,0.5995524734338448,GPT2-Medium,transformer.h.10.mlp.c_fc.weight,10,ffn_input,"(1024, 4096)",4194304
-0.10224385000765324,-0.059194888919591904,-0.027666402980685234,6.22745938017033e-05,0.027779689757153392,0.05919132102280855,0.10217901784926653,0.07186243714706554,0.04360392497016897,0.04344526144505044,-0.0012377583868890553,0.6056654204273255,GPT2-Medium,transformer.h.10.mlp.c_proj.weight,10,ffn_output,"(4096, 1024)",4194304
-0.11850572563707829,-0.06863781623542309,-0.03215364599600434,1.6352732018276583e-05,0.03220125753432512,0.06861613318324089,0.11841173470020294,0.08269686598617969,0.04985381823814455,0.04981005573155273,-0.00020493307283652078,0.6025855561827042,GPT2-Medium,transformer.h.11.attn.c_attn.weight,11,attn_input,"(1024, 3072)",3145728
-0.10420807916671038,-0.06022335961461067,-0.0283042024821043,0.00013212079647928476,0.028415619861334562,0.06036899145692587,0.10419397428631783,0.0733485951863545,0.04444572211715811,0.044353608879446366,-0.0014046864053292192,0.6053240063493702,GPT2-Medium,transformer.h.11.attn.c_proj.weight,11,attn_output,"(1024, 1024)",1048576
-0.11875297129154205,-0.06935961917042732,-0.032859425991773605,-0.0003810516936937347,0.03210956556722522,0.06865496188402176,0.11815717350691557,0.08250847914477447,0.04932916752657797,0.049399622760206686,0.0004380007099092645,0.5982948135157663,GPT2-Medium,transformer.h.11.mlp.c_fc.weight,11,ffn_input,"(1024, 4096)",4194304
-0.1053388137370348,-0.061068505980074406,-0.0286789839155972,-1.3771913813798164e-06,0.02869655005633831,0.061107962392270565,0.10531339887529612,0.07387055388549743,0.044601523844145084,0.04456872530871867,-4.306732474995817e-05,0.6035574695370601,GPT2-Medium,transformer.h.11.mlp.c_proj.weight,11,ffn_output,"(4096, 1024)",4194304
-0.12079307157546282,-0.06973015516996384,-0.032559209037572145,-6.777977250749245e-05,0.03249898925423622,0.06972155347466469,0.12082522828131914,0.08418424717064188,0.05089342022083393,0.05091411568928833,0.0003740091937830269,0.6046709410120273,GPT2-Medium,transformer.h.12.attn.c_attn.weight,12,attn_input,"(1024, 3072)",3145728
-0.10499690007418394,-0.06079743057489395,-0.028493818594142795,-4.920452010992449e-05,0.028588318964466453,0.06094713136553764,0.10528007242828608,0.07366400512314614,0.04449022873833037,0.0445163366241285,0.0015153185091186013,0.6041387867362368,GPT2-Medium,transformer.h.12.attn.c_proj.weight,12,attn_output,"(1024, 1024)",1048576
-0.11797899100929499,-0.06880403496325016,-0.03243786096572876,3.8752708860556595e-05,0.03247615648433566,0.06888002716004848,0.11807229649275541,0.08220386531626689,0.049082932211423784,0.04911167395703753,8.785883721496627e-05,0.5972627065082188,GPT2-Medium,transformer.h.12.mlp.c_fc.weight,12,ffn_input,"(1024, 4096)",4194304
-0.10788349993526936,-0.06259317323565483,-0.02930238237604499,-2.2469786927103996e-05,0.029331777477636933,0.06268510408699512,0.10794404149055481,0.07554138037946401,0.045564409456958395,0.045574925750319226,0.0004361036236818199,0.6032411292291789,GPT2-Medium,transformer.h.12.mlp.c_proj.weight,12,ffn_output,"(4096, 1024)",4194304
-0.12224405631422997,-0.07056252658367157,-0.03283011447638273,8.76416424944182e-06,0.03295293124392629,0.07062332704663277,0.12240147590637207,0.0852261488480548,0.051553719606837946,0.05156297098938258,0.0004968157339797132,0.6049592290041278,GPT2-Medium,transformer.h.13.attn.c_attn.weight,13,attn_input,"(1024, 3072)",3145728
-0.10341746918857098,-0.059851801954209805,-0.02800183673389256,0.0001310759034822695,0.02804304054006934,0.05984410084784031,0.10329634603112936,0.07243367007601285,0.04378151585325081,0.04377018808444752,-0.0011441270162074542,0.6043577789570818,GPT2-Medium,transformer.h.13.attn.c_proj.weight,13,attn_output,"(1024, 1024)",1048576
-0.11933975853025913,-0.06981313973665237,-0.033310947474092245,-0.0007579825178254396,0.03187747998163104,0.0685383789241314,0.11791750136762857,0.08255017605201861,0.04932588164937243,0.04930646668388537,0.0005404992205821346,0.5974084674943945,GPT2-Medium,transformer.h.13.mlp.c_fc.weight,13,ffn_input,"(1024, 4096)",4194304
-0.11125617194920778,-0.06467228941619396,-0.030319646932184696,-7.12976020622591e-06,0.03038113727234304,0.06478232145309448,0.11127263400703669,0.07790217508941595,0.046870268827254744,0.04691046674520519,0.0005744688342478613,0.6019134604702538,GPT2-Medium,transformer.h.13.mlp.c_proj.weight,13,ffn_output,"(4096, 1024)",4194304
-0.119812723249197,-0.06949234753847122,-0.0325272805057466,0.000149668674566783,0.03277398878708482,0.0697387084364891,0.11990938987582922,0.08351148316649427,0.050192563895357985,0.05013796383327244,-0.0006187916134940404,0.6006989932666178,GPT2-Medium,transformer.h.14.attn.c_attn.weight,14,attn_input,"(1024, 3072)",3145728
-0.10430830344557762,-0.0606501717120409,-0.028440411435440183,-6.893073077662848e-05,0.02848013606853783,0.060461110435426235,0.10416044108569622,0.07291061977288255,0.04388530506518494,0.043859869594164325,0.00024283467644973874,0.601731098519506,GPT2-Medium,transformer.h.14.attn.c_proj.weight,14,attn_output,"(1024, 1024)",1048576
-0.11933576688170433,-0.06985951028764248,-0.03333580447360873,-0.0005732518038712442,0.03226899588480592,0.06885863468050957,0.11831709183752537,0.08263919762128503,0.04925524196980996,0.04922983830315164,0.0004187765283517717,0.5958738897992107,GPT2-Medium,transformer.h.14.mlp.c_fc.weight,14,ffn_input,"(1024, 4096)",4194304
-0.11707358807325363,-0.06798822246491909,-0.031885042786598206,1.659103963902453e-05,0.03193796752020717,0.06802207604050636,0.11709940526634455,0.08207923264883839,0.04947111138821696,0.04949372178383555,0.00018171530261184136,0.6028615886033938,GPT2-Medium,transformer.h.14.mlp.c_proj.weight,14,ffn_output,"(4096, 1024)",4194304
-0.11922570411115885,-0.06938604265451431,-0.03268468892201781,-2.690114160941448e-05,0.03258369630202651,0.06943173334002495,0.1191843431442976,0.08297119873034284,0.04966582511058553,0.04967018593491016,-6.208346313001915e-05,0.5986174272854526,GPT2-Medium,transformer.h.15.attn.c_attn.weight,15,attn_input,"(1024, 3072)",3145728
-0.10905172396451235,-0.06316006928682327,-0.02958511747419834,5.220878301770426e-05,0.029733288334682584,0.06331218965351582,0.1091504069045186,0.07640282694218245,0.046118488485674514,0.046072211519792246,0.00012144249973492843,0.6033199535616117,GPT2-Medium,transformer.h.15.attn.c_proj.weight,15,attn_output,"(1024, 1024)",1048576
-0.11967367120087147,-0.07027450017631054,-0.03351943101733923,-0.000680215482134372,0.032197438180446625,0.06894340552389622,0.1184473130851984,0.08278347550032215,0.049324167571145605,0.04927480974834943,-5.008220891176724e-05,0.5955233017434218,GPT2-Medium,transformer.h.15.mlp.c_fc.weight,15,ffn_input,"(1024, 4096)",4194304
-0.12305634934455156,-0.07151555828750134,-0.03349642641842365,-2.8457878215704113e-05,0.03358426224440336,0.0716213546693325,0.12322884798049927,0.08635151373494988,0.05205816540151066,0.052096259760995585,0.0007658363266303986,0.6030839568267512,GPT2-Medium,transformer.h.15.mlp.c_proj.weight,15,ffn_output,"(4096, 1024)",4194304
-0.12107996549457312,-0.0703950747847557,-0.03303766017779708,-2.5263026145694312e-05,0.03287755837664008,0.07031142339110374,0.12110824417322874,0.08414497983533441,0.05044003221678619,0.05050422566279858,-6.497665826066456e-05,0.5998234123837533,GPT2-Medium,transformer.h.16.attn.c_attn.weight,16,attn_input,"(1024, 3072)",3145728
-0.11274699307978153,-0.06543179415166378,-0.030666970182210207,5.795245851913933e-05,0.030709300190210342,0.06537524424493313,0.11256002821028233,0.07898075711528577,0.04770314895271663,0.04761891373811655,-0.0008248231178114207,0.6034511833793548,GPT2-Medium,transformer.h.16.attn.c_proj.weight,16,attn_output,"(1024, 1024)",1048576
-0.11993431951850653,-0.07036366313695908,-0.033549705520272255,-0.0005979779525659978,0.03242483036592603,0.06925016641616821,0.11877200286835432,0.08294324358429601,0.04934610751676918,0.049377144098059135,0.00046082569565303495,0.5951253372102269,GPT2-Medium,transformer.h.16.mlp.c_fc.weight,16,ffn_input,"(1024, 4096)",4194304
-0.13004814833402634,-0.07543092966079712,-0.03531752293929458,8.593982420279644e-05,0.035469514317810535,0.07552625425159931,0.13006485998630524,0.0911766995421437,0.05503994373270782,0.05502236501283688,-0.0003818001365927215,0.6035659839533438,GPT2-Medium,transformer.h.16.mlp.c_proj.weight,16,ffn_output,"(4096, 1024)",4194304
-0.12051410973072052,-0.0703002754598856,-0.03300036583095789,4.682940380007494e-05,0.03310622414574027,0.07020881399512291,0.12045029457658529,0.08378406937330901,0.050101093435900614,0.05002861839761577,-0.0005425348570413121,0.5975462434712832,GPT2-Medium,transformer.h.17.attn.c_attn.weight,17,attn_input,"(1024, 3072)",3145728
-0.11450991965830326,-0.06660866364836693,-0.03132286434993148,3.5654371458804235e-05,0.03124353662133217,0.06659398972988129,0.11449456680566072,0.08027558814430476,0.048298938284953616,0.04836243016642238,-0.00036620852795422453,0.6020595469049437,GPT2-Medium,transformer.h.17.attn.c_proj.weight,17,attn_output,"(1024, 1024)",1048576
-0.11989832017570734,-0.07026726566255093,-0.03335230750963092,-0.0003544438804965466,0.0327885658480227,0.06973002292215824,0.11943478044122458,0.08317454606704999,0.04944545366533934,0.0495142499148438,0.0010084786875435479,0.5948917563097258,GPT2-Medium,transformer.h.17.mlp.c_fc.weight,17,ffn_input,"(1024, 4096)",4194304
-0.1347387358546257,-0.07828452065587044,-0.03669140115380287,1.0233169177809032e-05,0.03674462577328086,0.07829593494534492,0.1349028665572405,0.0945217456940697,0.05698224065614889,0.05704385837778781,0.0002989009528020597,0.6031738950473633,GPT2-Medium,transformer.h.17.mlp.c_proj.weight,17,ffn_output,"(4096, 1024)",4194304
-0.12088363617658615,-0.0702538713812828,-0.03291516611352563,1.7312712770944927e-05,0.03298636805266142,0.0703667588531971,0.12097507249563932,0.08410853210625607,0.050442835739019455,0.05043646833055584,6.64432769562333e-05,0.5996972099223676,GPT2-Medium,transformer.h.18.attn.c_attn.weight,18,attn_input,"(1024, 3072)",3145728
-0.116469981148839,-0.06725533120334148,-0.031533874571323395,-6.749794238203322e-06,0.03151484299451113,0.06729949079453945,0.11646369099617004,0.08189109075175469,0.049646243334844624,0.04970561428808758,0.00041650917776779524,0.6066096855646252,GPT2-Medium,transformer.h.18.attn.c_proj.weight,18,attn_output,"(1024, 1024)",1048576
-0.12012206576764584,-0.07046319171786308,-0.03349300241097808,-0.0004008941032225266,0.03276616847142577,0.0698729157447815,0.11957717034965754,0.08329877014232905,0.04949552354300381,0.04957054521263347,0.0011000038637153883,0.5946430456678251,GPT2-Medium,transformer.h.18.mlp.c_fc.weight,18,ffn_input,"(1024, 4096)",4194304
-0.14071264117956161,-0.08175943978130817,-0.03845353610813618,1.3440976545098238e-05,0.03851454006507993,0.08182399533689022,0.14081557281315327,0.09862305608828127,0.05930178682274778,0.059416856397900536,0.0006418486280744629,0.6018807768154067,GPT2-Medium,transformer.h.18.mlp.c_proj.weight,18,ffn_output,"(4096, 1024)",4194304
-0.12009702157229185,-0.06998448260128498,-0.032977085560560226,6.85393279127311e-05,0.03301220713183284,0.07013348117470741,0.12021062895655632,0.08358250478968926,0.049978739041288474,0.04994856448488808,-0.0003421343523886787,0.5977764352576784,GPT2-Medium,transformer.h.19.attn.c_attn.weight,19,attn_input,"(1024, 3072)",3145728
-0.12418548669666052,-0.07228600792586803,-0.03397839702665806,6.990098427195335e-06,0.03390795271843672,0.07230640761554241,0.12435039971023798,0.08729501898549184,0.052596062536078195,0.0526723719931894,-0.00010223213433574701,0.6029463980457057,GPT2-Medium,transformer.h.19.attn.c_proj.weight,19,attn_output,"(1024, 1024)",1048576
-0.12019179202616215,-0.07038905844092369,-0.033363142516463995,-0.00023327977396547794,0.032894826494157314,0.07007061131298542,0.11983158998191357,0.08337120665616858,0.04956184150446838,0.04964737573636972,0.0006567822148113657,0.5949848947850012,GPT2-Medium,transformer.h.19.mlp.c_fc.weight,19,ffn_input,"(1024, 4096)",4194304
-0.146759781986475,-0.08530407398939133,-0.0400635302066803,0.00010444801955600269,0.04021721892058849,0.08536357805132866,0.1469428539276123,0.10286203154009417,0.06188248699904489,0.06194743303961578,-0.00014157824903463556,0.6019223915016374,GPT2-Medium,transformer.h.19.mlp.c_proj.weight,19,ffn_output,"(4096, 1024)",4194304
-0.12021307554095984,-0.07010804116725922,-0.032936081290245056,-5.936767593084369e-05,0.032899199053645134,0.07006508111953735,0.12025298736989498,0.08367742612392724,0.05004574668365456,0.0500875463397445,0.000739294838450632,0.5983291890162855,GPT2-Medium,transformer.h.20.attn.c_attn.weight,20,attn_input,"(1024, 3072)",3145728
-0.12697035819292068,-0.07345564849674702,-0.03443704405799508,6.599237167392857e-05,0.03467238834127784,0.07363334484398365,0.12686698138713837,0.08892520488250832,0.05374022417077787,0.053582550333758305,-0.000680991003223455,0.6034440665407265,GPT2-Medium,transformer.h.20.attn.c_proj.weight,20,attn_output,"(1024, 1024)",1048576
-0.12011844012886286,-0.07013360410928726,-0.0330425170250237,0.00016773163224570453,0.03341720253229141,0.07063896209001541,0.1205435749143362,0.08361489607279596,0.04975158141921652,0.04974902507990963,0.00042839406684702923,0.5949933036602708,GPT2-Medium,transformer.h.20.mlp.c_fc.weight,20,ffn_input,"(1024, 4096)",4194304
-0.15260015428066254,-0.08862020634114742,-0.04173846449702978,-3.4214559718748205e-06,0.041851273737847805,0.08886351063847542,0.1527001429349184,0.1069714793472629,0.06425603043190334,0.06445168186928737,0.0014557280731522532,0.6015982628573604,GPT2-Medium,transformer.h.20.mlp.c_proj.weight,20,ffn_output,"(4096, 1024)",4194304
-0.1209200182929635,-0.07030625455081463,-0.03299230197444558,3.5694569305633195e-05,0.033063944429159164,0.07038618437945843,0.12095268350094557,0.08425171021783083,0.05054225999728188,0.05049349319902086,-0.0002749028883839293,0.5996065417252491,GPT2-Medium,transformer.h.21.attn.c_attn.weight,21,attn_input,"(1024, 3072)",3145728
-0.12917439080774784,-0.0749522540718317,-0.03520501917228103,2.3682326173002366e-05,0.03515154216438532,0.07482768036425114,0.12916100770235062,0.09117094880757996,0.05528699216129146,0.055267567309905605,-0.0006960383930074423,0.6063036576734931,GPT2-Medium,transformer.h.21.attn.c_proj.weight,21,attn_output,"(1024, 1024)",1048576
-0.11970691382884979,-0.06986575201153755,-0.032722312957048416,0.0004976769851054996,0.033765928354114294,0.07096445560455322,0.1209277780726552,0.08365628983551708,0.049713682558701386,0.049823791009495966,0.000976909066952177,0.5949192449480216,GPT2-Medium,transformer.h.21.mlp.c_fc.weight,21,ffn_input,"(1024, 4096)",4194304
-0.1571556143462658,-0.09126722253859043,-0.042930427473038435,3.841690340777859e-05,0.043081534560769796,0.09143451787531376,0.15763087011873722,0.1103960941359358,0.06632284806192187,0.0667058437865661,0.0020968007907359062,0.6025063336239216,GPT2-Medium,transformer.h.21.mlp.c_proj.weight,21,ffn_output,"(4096, 1024)",4194304
-0.12026025727391243,-0.06982979364693165,-0.0327968648634851,8.660926141601522e-06,0.032751275692135096,0.06987808458507061,0.12030097283422947,0.08406844448647928,0.05058774153547538,0.05061192535321276,-1.9472410106871435e-05,0.6018885415737892,GPT2-Medium,transformer.h.22.attn.c_attn.weight,22,attn_input,"(1024, 3072)",3145728
-0.13522231578826904,-0.07828485034406185,-0.03682611184194684,-2.910638886532979e-05,0.03678834158927202,0.07856523618102074,0.13513124734163284,0.09597941037052589,0.05839160607809692,0.05839946447676894,0.0003921365653796605,0.6084173162973034,GPT2-Medium,transformer.h.22.attn.c_proj.weight,22,attn_output,"(1024, 1024)",1048576
-0.11979346536099911,-0.06959885358810425,-0.03228506213054061,0.0011150870122946799,0.03454832546412945,0.07206081226468086,0.12250181846320629,0.08427248299728127,0.05012177545521459,0.05027739242617796,0.0012455286837762224,0.5956817949972564,GPT2-Medium,transformer.h.22.mlp.c_fc.weight,22,ffn_input,"(1024, 4096)",4194304
-0.16024987772107124,-0.09283470921218395,-0.04358762130141258,6.930908057256602e-05,0.04367648297920823,0.09284957498311996,0.16017902083694935,0.11330228885674294,0.06862843120442988,0.0689185380090675,0.0010264517373653143,0.6069911323124677,GPT2-Medium,transformer.h.22.mlp.c_proj.weight,22,ffn_output,"(4096, 1024)",4194304
-0.12196367140859365,-0.07089215517044067,-0.03336873138323426,-0.00013026328815612942,0.03316423110663891,0.07064415514469147,0.12180632259696722,0.08512803895107308,0.051201722900531065,0.05117046424635895,-0.00015719198483185243,0.6012835982614843,GPT2-Medium,transformer.h.23.attn.c_attn.weight,23,attn_input,"(1024, 3072)",3145728
-0.12361900508403778,-0.07091770507395267,-0.0330994538962841,7.33164488337934e-05,0.033225325867533684,0.07102246396243572,0.12357898149639368,0.09005871043092796,0.056219653876793056,0.056099537489594606,-0.0008034638522772103,0.6235887168989208,GPT2-Medium,transformer.h.23.attn.c_proj.weight,23,attn_output,"(1024, 1024)",1048576
-0.1203826367855072,-0.06935745291411877,-0.03168902778998017,0.0022147579584270716,0.036202315241098404,0.07421834208071232,0.12564066424965858,0.08573243076009905,0.05100902400951085,0.051348106109259106,0.002836614591373593,0.5969568879085617,GPT2-Medium,transformer.h.23.mlp.c_fc.weight,23,ffn_input,"(1024, 4096)",4194304
-0.1646366622298956,-0.09489508159458637,-0.04442920861765742,-3.838688371615717e-06,0.044506891164928675,0.09501512721180916,0.16474424302577972,0.11683872756838455,0.07114085717096315,0.07167990365360159,0.0026888419575181594,0.6111875907796632,GPT2-Medium,transformer.h.23.mlp.c_proj.weight,23,ffn_output,"(4096, 1024)",4194304
-0.07147216796875,-0.03948974609375,-0.0176239013671875,0.0003790855407714844,0.0180206298828125,0.039581298828125,0.0716552734375,0.05250044721702175,0.03418549335219723,0.03391350380681817,-0.006056305648942093,0.6485563530298488,OPT-125M,model.decoder.layers.0.self_attn.k_proj.weight,0,attn_input,"(768, 768)",589824
-0.01398468017578125,-0.0079193115234375,-0.0036525726318359375,-2.47955322265625e-05,0.0036144256591796875,0.00788116455078125,0.01397705078125,0.009835166294174592,0.006091104310291143,0.006104730522036655,0.0009439961372233713,0.6200116229631745,OPT-125M,model.decoder.layers.0.self_attn.v_proj.weight,0,attn_input,"(768, 768)",589824
-0.0799560546875,-0.04193115234375,-0.0185089111328125,1.9371509552001953e-05,0.018524169921875,0.041839599609375,0.0797119140625,0.05732467625552494,0.03808527562939957,0.037984944788376794,-0.0008871045860137837,0.6635032710755583,OPT-125M,model.decoder.layers.0.self_attn.q_proj.weight,0,attn_input,"(768, 768)",589824
-0.01198577880859375,-0.006710052490234375,-0.0030689239501953125,5.8710575103759766e-06,0.0030879974365234375,0.00669097900390625,0.0119476318359375,0.008684559082212218,0.005534643008811852,0.005505226740044438,-0.0016728684590193413,0.635603353281817,OPT-125M,model.decoder.layers.0.self_attn.out_proj.weight,0,attn_output,"(768, 768)",589824
-0.03155517578125,-0.0193939208984375,-0.01053619384765625,-0.0027408599853515625,0.004955291748046875,0.0136260986328125,0.0254364013671875,0.020503337167509825,0.012978783627798758,0.012217448607631104,-0.021058444534022894,0.6144422254187122,OPT-125M,model.decoder.layers.0.fc1.weight,0,ffn_input,"(3072, 768)",2359296
-0.027740478515625,-0.01546478271484375,-0.00696563720703125,-1.1265277862548828e-05,0.00695037841796875,0.01544189453125,0.027740478515625,0.019635224342992943,0.012422478668677102,0.012424712831199775,-5.5025195506611466e-05,0.6327198270271835,OPT-125M,model.decoder.layers.0.fc2.weight,0,ffn_output,"(768, 3072)",2359296
-0.071044921875,-0.036346435546875,-0.01543426513671875,0.0001653432846069336,0.0157623291015625,0.0364990234375,0.0711669921875,0.05085446423244219,0.03449752477435039,0.03432485648793065,-0.0019522355831184317,0.676660174293768,OPT-125M,model.decoder.layers.1.self_attn.k_proj.weight,1,attn_input,"(768, 768)",589824
-0.017120361328125,-0.0094757080078125,-0.00423431396484375,6.496906280517578e-06,0.00424957275390625,0.00948333740234375,0.017181396484375,0.012012382450342961,0.007605696593920869,0.007616312113797793,0.000592772733956147,0.633596572979745,OPT-125M,model.decoder.layers.1.self_attn.v_proj.weight,1,attn_input,"(768, 768)",589824
-0.057891845703125,-0.02569580078125,-0.0101318359375,-6.008148193359375e-05,0.00998687744140625,0.025421142578125,0.05731201171875,0.041521531837234865,0.03061561951593224,0.030537912495775445,-0.0014828680127603375,0.7364074650645189,OPT-125M,model.decoder.layers.1.self_attn.q_proj.weight,1,attn_input,"(768, 768)",589824
-0.013824462890625,-0.00742340087890625,-0.00335693359375,-1.5228986740112305e-05,0.0033206939697265625,0.007396697998046875,0.0138092041015625,0.009953307776312512,0.0064788916159967715,0.006511021860812131,0.0015101045540032332,0.6525425400650772,OPT-125M,model.decoder.layers.1.self_attn.out_proj.weight,1,attn_output,"(768, 768)",589824
-0.0367431640625,-0.0222015380859375,-0.0120086669921875,-0.0035037994384765625,0.004909515380859375,0.01493072509765625,0.0292205810546875,0.02328181734861169,0.01456715321620502,0.01453906074295273,-0.0030495422929954614,0.6250846642110044,OPT-125M,model.decoder.layers.1.fc1.weight,1,ffn_input,"(3072, 768)",2359296
-0.033111572265625,-0.0180511474609375,-0.00792694091796875,-2.104043960571289e-05,0.00787353515625,0.01806640625,0.033172607421875,0.023230643316032404,0.014949047059700736,0.014986031915107582,0.0009206014330622469,0.6443015496292545,OPT-125M,model.decoder.layers.1.fc2.weight,1,ffn_output,"(768, 3072)",2359296
-0.06695556640625,-0.034698486328125,-0.014048576354980469,8.803606033325195e-05,0.01433563232421875,0.03460693359375,0.0667724609375,0.0467235206854942,0.031533423623032936,0.031337212147870254,-0.001983422537089454,0.672794289134359,OPT-125M,model.decoder.layers.2.self_attn.k_proj.weight,2,attn_input,"(768, 768)",589824
-0.019622802734375,-0.01102447509765625,-0.004955291748046875,3.892183303833008e-05,0.00508880615234375,0.01111602783203125,0.0196990966796875,0.013748697730888024,0.008579459180724,0.008556857750439578,0.0006386502451872452,0.6231978208621489,OPT-125M,model.decoder.layers.2.self_attn.v_proj.weight,2,attn_input,"(768, 768)",589824
-0.06512451171875,-0.033721923828125,-0.01311492919921875,-4.941225051879883e-05,0.013519287109375,0.03424072265625,0.0653076171875,0.04536532134241295,0.030765492486251687,0.030764029041771817,0.004413582860318668,0.6781559097047365,OPT-125M,model.decoder.layers.2.self_attn.q_proj.weight,2,attn_input,"(768, 768)",589824
-0.01546478271484375,-0.00872802734375,-0.0040283203125,-1.1026859283447266e-06,0.004032135009765625,0.00875091552734375,0.01549530029296875,0.010970829170320131,0.006824441711715836,0.006839538287345527,0.0006742644914813122,0.6227414440116856,OPT-125M,model.decoder.layers.2.self_attn.out_proj.weight,2,attn_output,"(768, 768)",589824
-0.033782958984375,-0.019439697265625,-0.01020050048828125,-0.0027637481689453125,0.00447845458984375,0.01308441162109375,0.0264739990234375,0.021555199003336786,0.014255492245212721,0.013673461010602482,-0.019582196845875515,0.6478472606885176,OPT-125M,model.decoder.layers.2.fc1.weight,2,ffn_input,"(3072, 768)",2359296
-0.031341552734375,-0.0158538818359375,-0.006374359130859375,1.5974044799804688e-05,0.006458282470703125,0.0159454345703125,0.031463623046875,0.021666718916498615,0.014765741383849642,0.014754358232193883,0.000776118596699256,0.6812314252520434,OPT-125M,model.decoder.layers.2.fc2.weight,2,ffn_output,"(768, 3072)",2359296
-0.0655517578125,-0.032623291015625,-0.01229095458984375,0.0002390146255493164,0.0124359130859375,0.03289794921875,0.0660400390625,0.045045756431540615,0.031290066122083876,0.031270636227418436,-0.002659103252892678,0.6944128293702923,OPT-125M,model.decoder.layers.3.self_attn.k_proj.weight,3,attn_input,"(768, 768)",589824
-0.0227508544921875,-0.01280975341796875,-0.005817413330078125,1.3977289199829102e-05,0.005878448486328125,0.01287078857421875,0.0227813720703125,0.015921363965996232,0.009904680109684705,0.009894579750228635,0.00019736297910354414,0.6217827788561099,OPT-125M,model.decoder.layers.3.self_attn.v_proj.weight,3,attn_input,"(768, 768)",589824
-0.06524658203125,-0.033477783203125,-0.01308441162109375,-0.00045299530029296875,0.01241302490234375,0.032806396484375,0.0648193359375,0.04453362772255787,0.03034448516781856,0.030462563723633644,0.003582467969746939,0.6827093592091451,OPT-125M,model.decoder.layers.3.self_attn.q_proj.weight,3,attn_input,"(768, 768)",589824
-0.0191192626953125,-0.010894775390625,-0.00502777099609375,2.8371810913085938e-05,0.0050048828125,0.010894775390625,0.019134521484375,0.013409166492945386,0.008257809933638782,0.008260798268464795,-0.00193720345979785,0.6159446305180147,OPT-125M,model.decoder.layers.3.self_attn.out_proj.weight,3,attn_output,"(768, 768)",589824
-0.0262298583984375,-0.0132293701171875,-0.006404876708984375,-0.00107574462890625,0.004116058349609375,0.0103302001953125,0.021270751953125,0.017320502431731357,0.012498404126572861,0.011224538217277032,-0.042695975261202446,0.6848225805617854,OPT-125M,model.decoder.layers.3.fc1.weight,3,ffn_input,"(3072, 768)",2359296
-0.0247650146484375,-0.00966644287109375,-0.0037403106689453125,-1.1920928955078125e-06,0.003749847412109375,0.00968170166015625,0.0247955322265625,0.01746205839440841,0.013384797893504975,0.01337422426531177,-7.242801461973041e-05,0.7662046923226803,OPT-125M,model.decoder.layers.3.fc2.weight,3,ffn_output,"(768, 3072)",2359296
-0.06549072265625,-0.036041259765625,-0.016357421875,-0.00011095404624938965,0.0160675048828125,0.03577423095703125,0.065185546875,0.045837072254370365,0.029054165314341338,0.029054400575154835,-0.0005145893611402686,0.6338599198376569,OPT-125M,model.decoder.layers.4.self_attn.k_proj.weight,4,attn_input,"(768, 768)",589824
-0.02197265625,-0.01250457763671875,-0.005680084228515625,-1.4126300811767578e-05,0.005741119384765625,0.01251220703125,0.0220489501953125,0.015388038495883747,0.009509513156615405,0.009514706165096566,0.001873501191876198,0.61814958829226,OPT-125M,model.decoder.layers.4.self_attn.v_proj.weight,4,attn_input,"(768, 768)",589824
-0.067138671875,-0.037139892578125,-0.0168304443359375,0.0002034306526184082,0.017181396484375,0.037628173828125,0.06756591796875,0.04731774081533836,0.029765168104859185,0.029816762752792176,0.0005069048632437003,0.6295939940388857,OPT-125M,model.decoder.layers.4.self_attn.q_proj.weight,4,attn_input,"(768, 768)",589824
-0.017669677734375,-0.0101165771484375,-0.00470733642578125,-1.7583370208740234e-05,0.0046539306640625,0.010101318359375,0.0177001953125,0.01236843063280604,0.007559183191097129,0.007594233984108219,0.0012699153579945534,0.6125844751480599,OPT-125M,model.decoder.layers.4.self_attn.out_proj.weight,4,attn_output,"(768, 768)",589824
-0.03564453125,-0.0211181640625,-0.0112457275390625,-0.003215789794921875,0.00450897216796875,0.01348114013671875,0.02679443359375,0.021938456053375275,0.014352395513505244,0.013258650117935606,-0.03414972378172908,0.6292841566485905,OPT-125M,model.decoder.layers.4.fc1.weight,4,ffn_input,"(3072, 768)",2359296
-0.034149169921875,-0.0178985595703125,-0.007350921630859375,1.0192394256591797e-05,0.007350921630859375,0.01788330078125,0.03411865234375,0.023784066066127707,0.015900326227234172,0.015888171374344638,-0.0005814131295412596,0.668272983963215,OPT-125M,model.decoder.layers.4.fc2.weight,4,ffn_output,"(768, 3072)",2359296
-0.06585693359375,-0.0364990234375,-0.0164031982421875,0.0002913475036621094,0.017059326171875,0.03729248046875,0.0667724609375,0.04683278187187372,0.02949287649168911,0.029593645538820837,0.0019258926206076972,0.6308243891229898,OPT-125M,model.decoder.layers.5.self_attn.k_proj.weight,5,attn_input,"(768, 768)",589824
-0.020660400390625,-0.01165008544921875,-0.00530242919921875,-1.6063451766967773e-05,0.005300045013427734,0.0116729736328125,0.020599365234375,0.014387379771607003,0.008916735268131661,0.008920482826296292,0.0012156142441905476,0.6198911260280029,OPT-125M,model.decoder.layers.5.self_attn.v_proj.weight,5,attn_input,"(768, 768)",589824
-0.0711669921875,-0.040496826171875,-0.0187530517578125,-0.0003485679626464844,0.0180206298828125,0.03948974609375,0.06976318359375,0.04965402526947097,0.03091253047302096,0.030622344572129666,-0.0038122172781244997,0.6196363206326437,OPT-125M,model.decoder.layers.5.self_attn.q_proj.weight,5,attn_input,"(768, 768)",589824
-0.0183258056640625,-0.0104217529296875,-0.004787445068359375,-1.1444091796875e-05,0.004730224609375,0.01038360595703125,0.0183258056640625,0.012782938921494255,0.007876413328631315,0.007887926263922256,-0.00012924282899377365,0.6166164013365562,OPT-125M,model.decoder.layers.5.self_attn.out_proj.weight,5,attn_output,"(768, 768)",589824
-0.03509521484375,-0.0215606689453125,-0.0119171142578125,-0.00360870361328125,0.004581451416015625,0.0138397216796875,0.02667236328125,0.02169138355836569,0.013574568555779017,0.01291240763802089,-0.019079004043969155,0.6105414189586056,OPT-125M,model.decoder.layers.5.fc1.weight,5,ffn_input,"(3072, 768)",2359296
-0.033050537109375,-0.0180816650390625,-0.00806427001953125,1.430511474609375e-05,0.00807952880859375,0.018096923828125,0.03302001953125,0.023508002606174867,0.015157053394163619,0.015108235439344383,-0.001149911158272859,0.643723104436746,OPT-125M,model.decoder.layers.5.fc2.weight,5,ffn_output,"(768, 3072)",2359296
-0.0655517578125,-0.03692626953125,-0.0169830322265625,-0.00015991926193237305,0.016693115234375,0.036529541015625,0.065185546875,0.04607065171815824,0.0287267222556693,0.02879620205526913,0.0011352861033694427,0.6242903254640351,OPT-125M,model.decoder.layers.6.self_attn.k_proj.weight,6,attn_input,"(768, 768)",589824
-0.0230712890625,-0.0131072998046875,-0.00600433349609375,-2.4497509002685547e-05,0.005939483642578125,0.013031005859375,0.02301025390625,0.016129367912779143,0.009979782528615842,0.009986807523293666,-0.00010204491259121218,0.6189514108637255,OPT-125M,model.decoder.layers.6.self_attn.v_proj.weight,6,attn_input,"(768, 768)",589824
-0.0670166015625,-0.038116455078125,-0.0175628662109375,-0.00016254186630249023,0.0173187255859375,0.037872314453125,0.06707763671875,0.04714443423684619,0.029081578734298494,0.029345701229734306,0.0034486990725589245,0.619662542459449,OPT-125M,model.decoder.layers.6.self_attn.q_proj.weight,6,attn_input,"(768, 768)",589824
-0.0200653076171875,-0.01141357421875,-0.00524139404296875,3.0100345611572266e-06,0.005207061767578125,0.01139068603515625,0.02008056640625,0.014069629345916232,0.008685307830091915,0.008706092883383261,-0.00042537449449877077,0.6180475791468913,OPT-125M,model.decoder.layers.6.self_attn.out_proj.weight,6,attn_output,"(768, 768)",589824
-0.034942626953125,-0.021697998046875,-0.0122528076171875,-0.00406646728515625,0.004047393798828125,0.01318359375,0.0257720947265625,0.021282593223784514,0.01324768755137352,0.012653158879175914,-0.016393985987355468,0.6084983666746907,OPT-125M,model.decoder.layers.6.fc1.weight,6,ffn_input,"(3072, 768)",2359296
-0.03179931640625,-0.0174407958984375,-0.00783538818359375,1.1324882507324219e-05,0.0078582763671875,0.017425537109375,0.031768798828125,0.022743105612436112,0.014652886106754156,0.01460470058465218,-0.001249102224045903,0.6432188107900281,OPT-125M,model.decoder.layers.6.fc2.weight,6,ffn_output,"(768, 3072)",2359296
-0.06573486328125,-0.037261962890625,-0.0172271728515625,-5.474686622619629e-05,0.017059326171875,0.03717041015625,0.06561279296875,0.04633373053739989,0.028675458353771117,0.028770159854401654,0.0006768215352784435,0.6199114289081853,OPT-125M,model.decoder.layers.7.self_attn.k_proj.weight,7,attn_input,"(768, 768)",589824
-0.0225982666015625,-0.0128326416015625,-0.005847930908203125,6.553530693054199e-05,0.005970001220703125,0.012908935546875,0.022552490234375,0.015743938067822053,0.009726646631154127,0.009628669859820447,-0.0033877461387115254,0.6146910768956075,OPT-125M,model.decoder.layers.7.self_attn.v_proj.weight,7,attn_input,"(768, 768)",589824
-0.0655517578125,-0.0374755859375,-0.0175933837890625,-0.0002924203872680664,0.0170440673828125,0.037078857421875,0.065185546875,0.046183422135780146,0.028372598198378302,0.02851677513394356,0.0024367675552928545,0.6159068633444487,OPT-125M,model.decoder.layers.7.self_attn.q_proj.weight,7,attn_input,"(768, 768)",589824
-0.0196075439453125,-0.01116943359375,-0.005130767822265625,-5.960464477539062e-07,0.005126953125,0.01117706298828125,0.0196685791015625,0.013712745241314729,0.00843270676058536,0.008454472704114677,0.0009572027501534819,0.61574758254172,OPT-125M,model.decoder.layers.7.self_attn.out_proj.weight,7,attn_output,"(768, 768)",589824
-0.034912109375,-0.021759033203125,-0.0123291015625,-0.004123687744140625,0.00403594970703125,0.01323699951171875,0.0258636474609375,0.02129981046755347,0.01317407656881391,0.012691617015459908,-0.013085695127328082,0.6071813085772682,OPT-125M,model.decoder.layers.7.fc1.weight,7,ffn_input,"(3072, 768)",2359296
-0.031463623046875,-0.0174102783203125,-0.00788116455078125,1.531839370727539e-05,0.007904052734375,0.0174102783203125,0.031341552734375,0.0224581564553369,0.014359960251645402,0.014276674402155277,-0.0022140643056034717,0.6375553289681429,OPT-125M,model.decoder.layers.7.fc2.weight,7,ffn_output,"(768, 3072)",2359296
-0.06317138671875,-0.036102294921875,-0.01666259765625,8.067488670349121e-05,0.016845703125,0.03619384765625,0.06329345703125,0.044390611529100475,0.027245028532989737,0.027204662443586533,-0.0007514084865063905,0.6133018796202157,OPT-125M,model.decoder.layers.8.self_attn.k_proj.weight,8,attn_input,"(768, 768)",589824
-0.025665283203125,-0.01467132568359375,-0.0067291259765625,4.503130912780762e-05,0.006809234619140625,0.01473236083984375,0.02569580078125,0.017870736118210415,0.010941943494496323,0.010913586852742204,-0.0011384015484629867,0.611489370182339,OPT-125M,model.decoder.layers.8.self_attn.v_proj.weight,8,attn_input,"(768, 768)",589824
-0.0670166015625,-0.038482666015625,-0.0179290771484375,-0.00011354684829711914,0.017578125,0.038055419921875,0.06658935546875,0.04735341645785714,0.029153695821555123,0.029135251166129212,-0.0015669377767367726,0.6154671758431561,OPT-125M,model.decoder.layers.8.self_attn.q_proj.weight,8,attn_input,"(768, 768)",589824
-0.022674560546875,-0.01300811767578125,-0.006053924560546875,-2.9087066650390625e-05,0.006000518798828125,0.01296234130859375,0.02264404296875,0.015822437520505953,0.009647012609188783,0.009671022536403662,0.0009146338281963393,0.6104633094792185,OPT-125M,model.decoder.layers.8.self_attn.out_proj.weight,8,attn_output,"(768, 768)",589824
-0.035614013671875,-0.0222320556640625,-0.0126800537109375,-0.0043487548828125,0.00392913818359375,0.01326751708984375,0.0260772705078125,0.021598082409253847,0.013380135717440213,0.01283990569889619,-0.0142449408748686,0.606999290944048,OPT-125M,model.decoder.layers.8.fc1.weight,8,ffn_input,"(3072, 768)",2359296
-0.032684326171875,-0.01824951171875,-0.00830078125,-8.165836334228516e-06,0.00826263427734375,0.0181732177734375,0.032562255859375,0.023247608022984423,0.014750017561686375,0.014682118704672762,-0.002196227723457285,0.6330142919921095,OPT-125M,model.decoder.layers.8.fc2.weight,8,ffn_output,"(768, 3072)",2359296
-0.06451416015625,-0.037353515625,-0.017425537109375,0.00017219781875610352,0.0177001953125,0.037506103515625,0.06451416015625,0.04530907281645745,0.02745942710053997,0.02733803076019588,-0.002319324835462114,0.604707340654651,OPT-125M,model.decoder.layers.9.self_attn.k_proj.weight,9,attn_input,"(768, 768)",589824
-0.026763916015625,-0.01523590087890625,-0.006946563720703125,5.1915645599365234e-05,0.007114410400390625,0.015411376953125,0.0269775390625,0.018723826201494376,0.011501965362800685,0.011489079329145887,0.001180970829044443,0.6139515621575152,OPT-125M,model.decoder.layers.9.self_attn.v_proj.weight,9,attn_input,"(768, 768)",589824
-0.06768798828125,-0.039337158203125,-0.01849365234375,-0.0002880096435546875,0.01800537109375,0.038848876953125,0.06732177734375,0.047399816995696,0.02870427234544574,0.028747382164915,0.0012531583661372471,0.6060324506693504,OPT-125M,model.decoder.layers.9.self_attn.q_proj.weight,9,attn_input,"(768, 768)",589824
-0.02545166015625,-0.01450347900390625,-0.006683349609375,1.6182661056518555e-05,0.006641387939453125,0.01446533203125,0.0254058837890625,0.017770856751667452,0.0109275448473151,0.010932945233232912,-0.0015285420453629364,0.6150657333529185,OPT-125M,model.decoder.layers.9.self_attn.out_proj.weight,9,attn_output,"(768, 768)",589824
-0.026275634765625,-0.01346588134765625,-0.00403594970703125,0.00445556640625,0.01297760009765625,0.02264404296875,0.03594970703125,0.02179497686400585,0.012879577735832374,0.01336213211859511,0.012590061117719216,0.6020127944656221,OPT-125M,model.decoder.layers.9.fc1.weight,9,ffn_input,"(3072, 768)",2359296
-0.033233642578125,-0.0187835693359375,-0.00859832763671875,2.5093555450439453e-05,0.008544921875,0.0187225341796875,0.03314208984375,0.023546379619978727,0.014760035213031288,0.014704473909710537,-0.002851424140599003,0.6256696273116581,OPT-125M,model.decoder.layers.9.fc2.weight,9,ffn_output,"(768, 3072)",2359296
-0.06262969970703125,-0.03619384765625,-0.016998291015625,0.00011083483695983887,0.017181396484375,0.03643798828125,0.0626220703125,0.04390084915454887,0.026506964406305795,0.026456254221152956,-0.0011767026989152078,0.603214056760117,OPT-125M,model.decoder.layers.10.self_attn.k_proj.weight,10,attn_input,"(768, 768)",589824
-0.0296630859375,-0.0170745849609375,-0.007876396179199219,-4.869699478149414e-05,0.00778961181640625,0.0169830322265625,0.029693603515625,0.02077654954882746,0.012701965354507492,0.012775582593045934,0.0020036618097757993,0.6131323174639283,OPT-125M,model.decoder.layers.10.self_attn.v_proj.weight,10,attn_input,"(768, 768)",589824
-0.0628662109375,-0.036468505859375,-0.0172882080078125,-0.0003230571746826172,0.0167388916015625,0.03607177734375,0.06268310546875,0.043810165092205956,0.02639002193645935,0.026490760893453227,0.0024288662709535005,0.6035218392651107,OPT-125M,model.decoder.layers.10.self_attn.q_proj.weight,10,attn_input,"(768, 768)",589824
-0.029266357421875,-0.01666259765625,-0.00766754150390625,-1.1861324310302734e-05,0.007659912109375,0.0167083740234375,0.0292816162109375,0.020536922798884107,0.012653662182654242,0.012653943375981826,0.0006187240384844791,0.6161489188636182,OPT-125M,model.decoder.layers.10.self_attn.out_proj.weight,10,attn_output,"(768, 768)",589824
-0.0262908935546875,-0.0132293701171875,-0.003574371337890625,0.005046844482421875,0.013671875,0.0234375,0.03692626953125,0.02210826958248112,0.013090487764437438,0.013530061043655166,0.010404434066519192,0.602049579429479,OPT-125M,model.decoder.layers.10.fc1.weight,10,ffn_input,"(3072, 768)",2359296
-0.03338623046875,-0.0189361572265625,-0.00867462158203125,3.1322240829467773e-05,0.0086669921875,0.0189056396484375,0.0333251953125,0.023643466760480198,0.01476014053256828,0.014688341080222421,-0.0026951312315909855,0.6227614992149443,OPT-125M,model.decoder.layers.10.fc2.weight,10,ffn_output,"(768, 3072)",2359296
-0.0604248046875,-0.035003662109375,-0.0164031982421875,1.2814998626708984e-06,0.01654052734375,0.03509521484375,0.060394287109375,0.042368170297979506,0.02556356868646819,0.025545708419182727,0.0012223899688038917,0.6031565293732812,OPT-125M,model.decoder.layers.11.self_attn.k_proj.weight,11,attn_input,"(768, 768)",589824
-0.03253173828125,-0.018524169921875,-0.00843048095703125,4.64022159576416e-05,0.008544921875,0.018585205078125,0.03265380859375,0.022859467985249973,0.014139996367399968,0.014118117826607582,-2.076865384117623e-05,0.6180833738615668,OPT-125M,model.decoder.layers.11.self_attn.v_proj.weight,11,attn_input,"(768, 768)",589824
-0.06280517578125,-0.036529541015625,-0.0173187255859375,-0.0002722740173339844,0.0166778564453125,0.035919189453125,0.0625,0.043660000386100566,0.026251988253579363,0.026347200635564363,0.0004573088171307854,0.6023727487859689,OPT-125M,model.decoder.layers.11.self_attn.q_proj.weight,11,attn_input,"(768, 768)",589824
-0.032440185546875,-0.018524169921875,-0.00864410400390625,2.473592758178711e-06,0.0086517333984375,0.0185546875,0.032470703125,0.02310545197158515,0.014280729335344708,0.014233173711545533,-0.0009736917933977183,0.6170384176417831,OPT-125M,model.decoder.layers.11.self_attn.out_proj.weight,11,attn_output,"(768, 768)",589824
-0.0264892578125,-0.0133209228515625,-0.003810882568359375,0.004642486572265625,0.0131378173828125,0.0229034423828125,0.03643798828125,0.02201669279232495,0.013161164391660965,0.013541967041476742,0.010428398031811415,0.6064292145286793,OPT-125M,model.decoder.layers.11.fc1.weight,11,ffn_input,"(3072, 768)",2359296
-0.033966064453125,-0.0193328857421875,-0.00899505615234375,4.455447196960449e-05,0.009033203125,0.019378662109375,0.033935546875,0.02414716737234812,0.014907539935090123,0.014934137381816173,-0.00026504156918350056,0.6179125869454813,OPT-125M,model.decoder.layers.11.fc2.weight,11,ffn_output,"(768, 3072)",2359296
-0.032867431640625,-0.0174713134765625,-0.0078582763671875,3.108382225036621e-05,0.00791168212890625,0.0175933837890625,0.032806396484375,0.02375402740805536,0.01559645806049014,0.015568833608927822,-0.0004744792002300057,0.6560001622893078,Pythia-160M,gpt_neox.layers.0.attention.query_key_value.weight,0,attn_input,"(2304, 768)",1769472
-0.0207977294921875,-0.01195526123046875,-0.005584716796875,2.5391578674316406e-05,0.005603790283203125,0.01195526123046875,0.020751953125,0.014574944441442817,0.008857298934078469,0.008841873675722329,-0.0016558234009491277,0.6071780472615202,Pythia-160M,gpt_neox.layers.0.attention.dense.weight,0,attn_output,"(768, 768)",589824
-0.032958984375,-0.0191650390625,-0.00896453857421875,5.9098005294799805e-05,0.00908660888671875,0.0192413330078125,0.032958984375,0.022853902220756735,0.013666642035281661,0.013627097281641909,-0.0007443332664685681,0.5971352080988256,Pythia-160M,gpt_neox.layers.0.mlp.dense_h_to_4h.weight,0,ffn_input,"(3072, 768)",2359296
-0.0210723876953125,-0.01230621337890625,-0.00579071044921875,3.0279159545898438e-05,0.00583648681640625,0.0123443603515625,0.021087646484375,0.014646181713134056,0.00872928103429465,0.008714285142582115,-0.0009905334945638127,0.5954987626991591,Pythia-160M,gpt_neox.layers.0.mlp.dense_4h_to_h.weight,0,ffn_output,"(768, 3072)",2359296
-0.03314208984375,-0.0182037353515625,-0.00829315185546875,1.4901161193847656e-06,0.008331298828125,0.0182037353515625,0.033233642578125,0.02358424740446531,0.015015602964382513,0.015017081012034451,0.0003368419596523419,0.6367106709271279,Pythia-160M,gpt_neox.layers.1.attention.query_key_value.weight,1,attn_input,"(2304, 768)",1769472
-0.02001953125,-0.01169586181640625,-0.0054931640625,1.4394521713256836e-05,0.005519866943359375,0.01166534423828125,0.020050048828125,0.014034786465243896,0.00842803813955268,0.008421294459670511,-0.000812460748939516,0.6002703582612144,Pythia-160M,gpt_neox.layers.1.attention.dense.weight,1,attn_output,"(768, 768)",589824
-0.0340576171875,-0.019866943359375,-0.00934600830078125,-2.3245811462402344e-06,0.0093231201171875,0.01983642578125,0.034027099609375,0.0237049463538723,0.014178538896793661,0.014172982537041448,-0.00046111774553992134,0.5980085550626816,Pythia-160M,gpt_neox.layers.1.mlp.dense_h_to_4h.weight,1,ffn_input,"(3072, 768)",2359296
-0.019805908203125,-0.01155853271484375,-0.005451202392578125,-1.761317253112793e-05,0.00543975830078125,0.0115509033203125,0.0198211669921875,0.013833938051448058,0.008271595127805793,0.008285194437677192,0.0009819658319696093,0.5984120177460934,Pythia-160M,gpt_neox.layers.1.mlp.dense_4h_to_h.weight,1,ffn_output,"(768, 3072)",2359296
-0.03338623046875,-0.0186309814453125,-0.0085906982421875,-7.927417755126953e-06,0.0085601806640625,0.0186309814453125,0.033477783203125,0.02383200946601223,0.014985064755033537,0.015044936320794199,0.0011245586437737894,0.6300350190497932,Pythia-160M,gpt_neox.layers.2.attention.query_key_value.weight,2,attn_input,"(2304, 768)",1769472
-0.02398681640625,-0.01401519775390625,-0.00661468505859375,-3.9696693420410156e-05,0.006591796875,0.01403045654296875,0.02398681640625,0.016684703264218115,0.009926272392837238,0.009967045437158591,0.00268219146356978,0.5961543791030101,Pythia-160M,gpt_neox.layers.2.attention.dense.weight,2,attn_output,"(768, 768)",589824
-0.032501220703125,-0.0189056396484375,-0.0088958740234375,-5.137920379638672e-05,0.0087890625,0.0187530517578125,0.0323486328125,0.02277894886681982,0.013777033931229596,0.013717591570740234,-0.0014956204059528198,0.6035095311623211,Pythia-160M,gpt_neox.layers.2.mlp.dense_h_to_4h.weight,2,ffn_input,"(3072, 768)",2359296
-0.02197265625,-0.01282501220703125,-0.00605010986328125,3.874301910400391e-06,0.006061553955078125,0.01282501220703125,0.0219879150390625,0.015317534890376313,0.009149171162303456,0.009142696309582424,-0.0004162560486105855,0.597089140086708,Pythia-160M,gpt_neox.layers.2.mlp.dense_4h_to_h.weight,2,ffn_output,"(768, 3072)",2359296
-0.0311431884765625,-0.0174713134765625,-0.00807952880859375,-7.987022399902344e-06,0.00806427001953125,0.0174407958984375,0.0311126708984375,0.023416508047274773,0.015133343123783104,0.015139333829800275,0.00017906866795741372,0.6463960572700874,Pythia-160M,gpt_neox.layers.3.attention.query_key_value.weight,3,attn_input,"(2304, 768)",1769472
-0.02569580078125,-0.0149383544921875,-0.0070343017578125,2.6226043701171875e-06,0.007030487060546875,0.0149383544921875,0.025634765625,0.01787932732592405,0.010702979905747471,0.010696867985542566,-9.449697438601847e-05,0.5984522656023369,Pythia-160M,gpt_neox.layers.3.attention.dense.weight,3,attn_output,"(768, 768)",589824
-0.03118896484375,-0.01812744140625,-0.0085601806640625,-0.00012814998626708984,0.00829315185546875,0.017822265625,0.0308685302734375,0.021870330392099884,0.013277813347537824,0.013234862069594818,-0.0012748677561448623,0.606133399491525,Pythia-160M,gpt_neox.layers.3.mlp.dense_h_to_4h.weight,3,ffn_input,"(3072, 768)",2359296
-0.02203369140625,-0.0128173828125,-0.006008148193359375,7.569789886474609e-06,0.0060272216796875,0.01284027099609375,0.0220184326171875,0.015349041668463946,0.00920607456480136,0.009195567399580568,-0.0003373486056902869,0.59943944260018,Pythia-160M,gpt_neox.layers.3.mlp.dense_4h_to_h.weight,3,ffn_output,"(768, 3072)",2359296
-0.0295257568359375,-0.0163421630859375,-0.007480621337890625,2.580881118774414e-05,0.007549285888671875,0.0164031982421875,0.029510498046875,0.022535502826671022,0.014819978051796481,0.014781832113940609,-0.0007591997328338596,0.6567816656547599,Pythia-160M,gpt_neox.layers.4.attention.query_key_value.weight,4,attn_input,"(2304, 768)",1769472
-0.0233001708984375,-0.01352691650390625,-0.00635528564453125,3.001093864440918e-05,0.006366729736328125,0.01354217529296875,0.023284912109375,0.016287178598961165,0.009802210949298265,0.009783886973713784,-0.0014793002247499077,0.6012735049231086,Pythia-160M,gpt_neox.layers.4.attention.dense.weight,4,attn_output,"(768, 768)",589824
-0.03082275390625,-0.0177154541015625,-0.00830841064453125,-6.866455078125e-05,0.0081634521484375,0.017547607421875,0.0306243896484375,0.021516949105085184,0.013116744607491203,0.013068227843984285,-0.00130537508843906,0.6084731697693865,Pythia-160M,gpt_neox.layers.4.mlp.dense_h_to_4h.weight,4,ffn_input,"(3072, 768)",2359296
-0.0231170654296875,-0.01345062255859375,-0.006328582763671875,1.0371208190917969e-05,0.00634765625,0.0134735107421875,0.02313232421875,0.016167051297113884,0.009706685014240558,0.009696411390530185,-0.00029617113310427274,0.6000814882128367,Pythia-160M,gpt_neox.layers.4.mlp.dense_4h_to_h.weight,4,ffn_output,"(768, 3072)",2359296
-0.03173828125,-0.01739501953125,-0.00797271728515625,1.7464160919189453e-05,0.00800323486328125,0.0174713134765625,0.03179931640625,0.024555263815609914,0.01630534092934492,0.01635529353653611,0.0011010094973048243,0.6650434446792318,Pythia-160M,gpt_neox.layers.5.attention.query_key_value.weight,5,attn_input,"(2304, 768)",1769472
-0.02703857421875,-0.0157318115234375,-0.00740814208984375,4.470348358154297e-06,0.007381439208984375,0.01568603515625,0.0270233154296875,0.0188510000687327,0.011296033571852604,0.011306031939562268,-0.0002670582671262285,0.599492478621967,Pythia-160M,gpt_neox.layers.5.attention.dense.weight,5,attn_output,"(768, 768)",589824
-0.0307159423828125,-0.0177001953125,-0.008270263671875,2.9802322387695312e-05,0.00829315185546875,0.0177001953125,0.0306854248046875,0.021469099782532593,0.01301561432912897,0.012980851778598678,-0.0015298566264660256,0.6054391281202799,Pythia-160M,gpt_neox.layers.5.mlp.dense_h_to_4h.weight,5,ffn_input,"(3072, 768)",2359296
-0.02447509765625,-0.014251708984375,-0.00672149658203125,1.9282102584838867e-05,0.006722927093505859,0.0142822265625,0.0244598388671875,0.017134961768205257,0.010277994459203101,0.010280532489105099,-0.0006903944848991202,0.599899994713018,Pythia-160M,gpt_neox.layers.5.mlp.dense_4h_to_h.weight,5,ffn_output,"(768, 3072)",2359296
-0.031341552734375,-0.016876220703125,-0.007709503173828125,1.3113021850585938e-05,0.00771331787109375,0.0169219970703125,0.031341552734375,0.02886330219879946,0.020908654723219417,0.02092231154387668,2.2138347524403803e-05,0.7246393011267437,Pythia-160M,gpt_neox.layers.6.attention.query_key_value.weight,6,attn_input,"(2304, 768)",1769472
-0.024169921875,-0.01378631591796875,-0.006450653076171875,-3.904104232788086e-06,0.0064239501953125,0.01378631591796875,0.0241851806640625,0.0169955618432343,0.010397155183656852,0.010413504033446467,0.0002721207319345189,0.6122380480580509,Pythia-160M,gpt_neox.layers.6.attention.dense.weight,6,attn_output,"(768, 768)",589824
-0.0313720703125,-0.01812744140625,-0.00848388671875,-2.0265579223632812e-06,0.00849151611328125,0.018096923828125,0.0312347412109375,0.02190779636829474,0.013266874029016613,0.013198256902342803,-0.001766361292445726,0.6040117062996833,Pythia-160M,gpt_neox.layers.6.mlp.dense_h_to_4h.weight,6,ffn_input,"(3072, 768)",2359296
-0.0246124267578125,-0.0142974853515625,-0.006740570068359375,1.7583370208740234e-06,0.006748199462890625,0.014312744140625,0.02459716796875,0.017242390982371743,0.010364025213473523,0.01036810077221162,0.00025308642548144654,0.6011963771985345,Pythia-160M,gpt_neox.layers.6.mlp.dense_4h_to_h.weight,6,ffn_output,"(768, 3072)",2359296
-0.035888671875,-0.016815185546875,-0.007251739501953125,8.940696716308594e-08,0.00722503662109375,0.0167694091796875,0.035858154296875,0.0347991837470208,0.027197884355094477,0.02717743181192081,-0.0006829713978057687,0.7812728678107346,Pythia-160M,gpt_neox.layers.7.attention.query_key_value.weight,7,attn_input,"(2304, 768)",1769472
-0.01812744140625,-0.01006317138671875,-0.004673004150390625,0.0,0.004650115966796875,0.01004791259765625,0.0180816650390625,0.013424898075956863,0.00863983202988705,0.008654190076140092,-0.0005637731317372674,0.6441025476759348,Pythia-160M,gpt_neox.layers.7.attention.dense.weight,7,attn_output,"(768, 768)",589824
-0.031494140625,-0.0182647705078125,-0.00864410400390625,-9.357929229736328e-05,0.00839996337890625,0.0179901123046875,0.031158447265625,0.021935893781523594,0.013279049588999862,0.01320698003474163,-0.0028224188391540806,0.6037143935764868,Pythia-160M,gpt_neox.layers.7.mlp.dense_h_to_4h.weight,7,ffn_input,"(3072, 768)",2359296
-0.025299072265625,-0.0146942138671875,-0.006927490234375,1.7881393432617188e-07,0.00691986083984375,0.0147247314453125,0.02532958984375,0.017741935403996142,0.010671260538248082,0.010690348871285709,0.0005969914616464055,0.6020089951607637,Pythia-160M,gpt_neox.layers.7.mlp.dense_4h_to_h.weight,7,ffn_output,"(768, 3072)",2359296
-0.03948974609375,-0.0162811279296875,-0.00685882568359375,3.311038017272949e-05,0.006900787353515625,0.016326904296875,0.0396728515625,0.04259420658847914,0.035298486836365085,0.035328515484959806,4.754528115453967e-05,0.8290681759104306,Pythia-160M,gpt_neox.layers.8.attention.query_key_value.weight,8,attn_input,"(2304, 768)",1769472
-0.0152435302734375,-0.00867462158203125,-0.00403594970703125,3.8743019104003906e-07,0.00403594970703125,0.00864410400390625,0.0152587890625,0.011047278129707492,0.00690896256249592,0.006918247859478773,8.479018170394925e-06,0.6258197838249233,Pythia-160M,gpt_neox.layers.8.attention.dense.weight,8,attn_output,"(768, 768)",589824
-0.03228759765625,-0.018707275390625,-0.0087890625,1.3440847396850586e-05,0.00878143310546875,0.0186614990234375,0.03216552734375,0.02252760801611152,0.01359424707369625,0.01353289288595584,-0.0019122923530849128,0.6020865584186974,Pythia-160M,gpt_neox.layers.8.mlp.dense_h_to_4h.weight,8,ffn_input,"(3072, 768)",2359296
-0.029266357421875,-0.0170440673828125,-0.00800323486328125,1.5288591384887695e-05,0.008026123046875,0.017059326171875,0.0293121337890625,0.02054759511732603,0.012367956119861547,0.01236574651349858,-0.00022572190214821831,0.6018636850719409,Pythia-160M,gpt_neox.layers.8.mlp.dense_4h_to_h.weight,8,ffn_output,"(768, 3072)",2359296
-0.040863037109375,-0.0163726806640625,-0.006801605224609375,-6.198883056640625e-06,0.00677490234375,0.016326904296875,0.041046142578125,0.04471781689793446,0.03746915545827176,0.03750581072200748,0.00021599430124355636,0.838312012764451,Pythia-160M,gpt_neox.layers.9.attention.query_key_value.weight,9,attn_input,"(2304, 768)",1769472
-0.01457977294921875,-0.008392333984375,-0.00391387939453125,1.5676021575927734e-05,0.00395965576171875,0.00839996337890625,0.014556884765625,0.010296762423624588,0.006291961567290799,0.006255844824946586,-0.0012213863512157254,0.6093083377085631,Pythia-160M,gpt_neox.layers.9.attention.dense.weight,9,attn_output,"(768, 768)",589824
-0.031646728515625,-0.01849365234375,-0.0087890625,-0.0001417994499206543,0.008453369140625,0.01812744140625,0.0312347412109375,0.021945874321798127,0.01316787543510145,0.013126405083767168,-0.0018445355669953795,0.5990711541793384,Pythia-160M,gpt_neox.layers.9.mlp.dense_h_to_4h.weight,9,ffn_input,"(3072, 768)",2359296
-0.031005859375,-0.01800537109375,-0.00844573974609375,8.64267349243164e-06,0.00847625732421875,0.018035888671875,0.0310516357421875,0.021751447650886904,0.013103047642323614,0.013125395227951111,0.0007687607099023269,0.6029125806071413,Pythia-160M,gpt_neox.layers.9.mlp.dense_4h_to_h.weight,9,ffn_output,"(768, 3072)",2359296
-0.056182861328125,-0.019073486328125,-0.007534027099609375,-3.993511199951172e-06,0.00749969482421875,0.019012451171875,0.055877685546875,0.05940604840661426,0.051244661310546474,0.05125309221405545,-0.00014141560423207614,0.8626878598542655,Pythia-160M,gpt_neox.layers.10.attention.query_key_value.weight,10,attn_input,"(2304, 768)",1769472
-0.01560211181640625,-0.0090484619140625,-0.004245758056640625,1.5020370483398438e-05,0.004253387451171875,0.00904083251953125,0.01560211181640625,0.010910065974914888,0.006576358288536237,0.006566130503011259,-0.0012207445742040282,0.6023102345011265,Pythia-160M,gpt_neox.layers.10.attention.dense.weight,10,attn_output,"(768, 768)",589824
-0.0316162109375,-0.0184173583984375,-0.00867462158203125,1.4901161193847656e-06,0.0087127685546875,0.0184783935546875,0.03167724609375,0.022021589279524453,0.013152659158801875,0.013164218185051337,0.001026332935346553,0.5975244794961845,Pythia-160M,gpt_neox.layers.10.mlp.dense_h_to_4h.weight,10,ffn_input,"(3072, 768)",2359296
-0.03460693359375,-0.0200958251953125,-0.0094146728515625,4.231929779052734e-06,0.00940704345703125,0.020111083984375,0.034637451171875,0.02418454151572607,0.014557980052169633,0.014574289136311654,0.00014032218757134432,0.6022911199192663,Pythia-160M,gpt_neox.layers.10.mlp.dense_4h_to_h.weight,10,ffn_output,"(768, 3072)",2359296
-0.0643310546875,-0.0213165283203125,-0.0084381103515625,8.821487426757812e-06,0.00844573974609375,0.0213775634765625,0.0643310546875,0.057615423538023874,0.04843038070214755,0.04852464276741052,0.0009438948888126378,0.8413981666347694,Pythia-160M,gpt_neox.layers.11.attention.query_key_value.weight,11,attn_input,"(2304, 768)",1769472
-0.016357421875,-0.009552001953125,-0.00449371337890625,1.5616416931152344e-05,0.00450897216796875,0.009552001953125,0.016357421875,0.011385966061425279,0.006801122685362281,0.006786936875224934,-0.0013593275517023557,0.5967020930539416,Pythia-160M,gpt_neox.layers.11.attention.dense.weight,11,attn_output,"(768, 768)",589824
-0.0306243896484375,-0.0177764892578125,-0.00830078125,0.00012230873107910156,0.008544921875,0.0180206298828125,0.03082275390625,0.021436739111196503,0.012851375340101693,0.012833520284578789,-0.00048341176760533866,0.599085884551936,Pythia-160M,gpt_neox.layers.11.mlp.dense_h_to_4h.weight,11,ffn_input,"(3072, 768)",2359296
-0.03411865234375,-0.019683837890625,-0.00926971435546875,-3.927946090698242e-05,0.00920867919921875,0.0196685791015625,0.03411865234375,0.02391730474454966,0.014469937211716457,0.014503067793268508,0.0010406229398135314,0.6056912623398214,Pythia-160M,gpt_neox.layers.11.mlp.dense_4h_to_h.weight,11,ffn_output,"(768, 3072)",2359296
