model,param,layer,type,shape,n,O1,O2,O3,O4,O5,O6,O7,H_ct,G_ct,K_ct,H_mp,G_mp,K_mp
GPT2-Small,transformer.h.0.attn.c_attn.weight,0,attn_input,"(768, 2304)",1769472,-0.1867723073810339,-0.08187121339142323,-0.03325330698862672,4.837888263864443e-05,0.033360769506543875,0.08210064470767975,0.18698794580996037,0.12414740910753608,0.000124256667734578,0.7007589473413713,0.08198592904955149,0.0008091239101471162,0.9365819850324181
GPT2-Small,transformer.h.0.attn.c_proj.weight,0,attn_output,"(768, 768)",589824,-0.07048834767192602,-0.02455331850796938,-0.010058154934085906,1.3942024907009909e-05,0.010097600985318422,0.024617795832455158,0.07079296465963125,0.048246122009004466,0.002051196644462549,0.7681610913657151,0.02458555717021227,0.0007442026718860618,1.2316739007943658
GPT2-Small,transformer.h.0.mlp.c_fc.weight,0,ffn_input,"(768, 3072)",2359296,-0.15042240731418133,-0.07952108420431614,-0.034849526826292276,-0.0005294469883665442,0.03422738192602992,0.07815448194742203,0.1484556905925274,0.09856423595920205,-0.0010117823636335676,0.6248266666181623,0.07883778307586908,-0.0019515279866818545,0.7287152815206596
GPT2-Small,transformer.h.0.mlp.c_proj.weight,0,ffn_output,"(3072, 768)",2359296,-0.09039894491434097,-0.051525114104151726,-0.023693974129855633,-5.738386562370579e-06,0.02363716810941696,0.05151612218469381,0.09050564467906952,0.05982809036504477,0.000446220502320254,0.5869341651198239,0.05152061814442277,2.411513833028131e-05,0.6481553025028949
GPT2-Small,transformer.h.1.attn.c_attn.weight,1,attn_input,"(768, 2304)",1769472,-0.13859985955059528,-0.07189526408910751,-0.03152611618861556,-8.507071106578223e-05,0.03136046743020415,0.07187127321958542,0.13860828056931496,0.0915938870748505,0.0003505476957830917,0.6321538025702733,0.07188326865434647,0.0010165825465745057,0.7453805333048508
GPT2-Small,transformer.h.1.attn.c_proj.weight,1,attn_output,"(768, 768)",589824,-0.0936564402654767,-0.05279315635561943,-0.023967765271663666,-0.00019670779147418216,0.023951224982738495,0.052769992500543594,0.09333335515111685,0.061700007412582636,0.0012178155588994778,0.5919750705656011,0.05278157442808151,0.00350739563838723,0.6587090602596785
GPT2-Small,transformer.h.1.mlp.c_fc.weight,1,ffn_input,"(768, 3072)",2359296,-0.14156833849847317,-0.07908838242292404,-0.03568103117868304,0.0006553533021360636,0.036532027181237936,0.07996978983283043,0.14294492825865746,0.09400782885495573,-0.000429331195891561,0.5964640755560888,0.07952908612787724,-0.0026990074654916606,0.6673665533382519
GPT2-Small,transformer.h.1.mlp.c_proj.weight,1,ffn_output,"(3072, 768)",2359296,-0.09143371600657701,-0.051672604866325855,-0.023068354232236743,6.519935777760111e-05,0.02327129733748734,0.05175889376550913,0.09134992212057114,0.06006335897836834,-0.0007007704209784339,0.5918668113410209,0.05171574931591749,-0.00042646405548988557,0.6595862399862213
GPT2-Small,transformer.h.2.attn.c_attn.weight,2,attn_input,"(768, 2304)",1769472,-0.15328417345881462,-0.08211196027696133,-0.036157471127808094,0.00011155518586747348,0.0363998394459486,0.08242261968553066,0.15350419655442238,0.10112098522949964,-0.0001564784779172849,0.617229301604361,0.082267289981246,0.0005321011355445586,0.7117988798855432
GPT2-Small,transformer.h.2.attn.c_proj.weight,2,attn_output,"(768, 768)",589824,-0.08625013381242752,-0.04979707486927509,-0.023110777139663696,1.2540552233986091e-05,0.023058305261656642,0.049533335492014885,0.0858374023810029,0.05701362938270904,-0.0021232984159490283,0.5797746581844967,0.04966520518064499,-0.002907674303143083,0.6338363716313696
GPT2-Small,transformer.h.2.mlp.c_fc.weight,2,ffn_input,"(768, 3072)",2359296,-0.1516402568668127,-0.08844983391463757,-0.04348068777471781,-0.004225828917697072,0.03465146478265524,0.07886957935988903,0.1408502496778965,0.0971536438446492,-0.0075789103974342395,0.5836701208722931,0.0836597066372633,-0.006745163022432218,0.6405662970967726
GPT2-Small,transformer.h.2.mlp.c_proj.weight,2,ffn_output,"(3072, 768)",2359296,-0.09824792481958866,-0.05651313718408346,-0.026206522015854716,2.0045394194312394e-05,0.026257451623678207,0.056607685983181,0.09828453697264194,0.06509345749509521,-0.00016675153014762242,0.5812774838723994,0.05656041158363223,0.00048141455466947636,0.6367903102140307
GPT2-Small,transformer.h.3.attn.c_attn.weight,3,attn_input,"(768, 2304)",1769472,-0.15417632833123207,-0.08607739210128784,-0.03953905729576945,-7.77095410740003e-05,0.039418102242052555,0.08584780804812908,0.1543037947267294,0.10230768093606457,0.0013444475162847959,0.5970005426190966,0.08596260007470846,-0.0004313792913796471,0.6675082050818187
GPT2-Small,transformer.h.3.attn.c_proj.weight,3,attn_output,"(768, 768)",589824,-0.09028295148164034,-0.051735274493694305,-0.023989652981981635,2.6995359803549945e-05,0.02417522040195763,0.051841624081134796,0.09056347887963057,0.05998501426074654,0.0020205513254828804,0.5834237771584475,0.05178844928741455,0.0005055071985532003,0.6404978272325652
GPT2-Small,transformer.h.3.mlp.c_fc.weight,3,ffn_input,"(768, 3072)",2359296,-0.15187940746545792,-0.09005441330373287,-0.0450404928997159,-0.005466438829898834,0.03393180528655648,0.07843084447085857,0.13953751884400845,0.09677464474225417,-0.004356875202010722,0.578363404205026,0.08424262888729572,-0.004099416068797384,0.63045464905723
GPT2-Small,transformer.h.3.mlp.c_proj.weight,3,ffn_output,"(3072, 768)",2359296,-0.09748751204460859,-0.056075592525303364,-0.026057176990434527,2.2247731976676732e-06,0.02608357183635235,0.05604910384863615,0.097385473549366,0.06459897631430067,-0.00037104260617127895,0.5812507287758558,0.05606234818696976,-0.00027592692834920866,0.636488844041865
GPT2-Small,transformer.h.4.attn.c_attn.weight,4,attn_input,"(768, 2304)",1769472,-0.15472606010735035,-0.08667192608118057,-0.03972308384254575,0.00019652093760669231,0.040109921246767044,0.08689425513148308,0.15501197427511215,0.10269759449874982,1.7394692856764637e-06,0.5944011724206625,0.08678309060633183,-0.00098356041319888,0.6622978845500332
GPT2-Small,transformer.h.4.attn.c_proj.weight,4,attn_output,"(768, 768)",589824,-0.09971234761178493,-0.05653699114918709,-0.026197133120149374,-9.425818643649109e-05,0.02615497726947069,0.056634838692843914,0.09975882060825825,0.06614077201811597,0.0010797459421203945,0.5882342238128192,0.0565859149210155,0.0025303462613401628,0.6499809097183318
GPT2-Small,transformer.h.4.mlp.c_fc.weight,4,ffn_input,"(768, 3072)",2359296,-0.14883688278496265,-0.08682159148156643,-0.04206827562302351,-0.0029390635900199413,0.03601920511573553,0.080208545550704,0.1417566053569317,0.09649782907217741,-0.0034319984832129674,0.58133112731992,0.08351506851613522,-0.00439991706814296,0.6361307341862471
GPT2-Small,transformer.h.4.mlp.c_proj.weight,4,ffn_output,"(3072, 768)",2359296,-0.09845019225031137,-0.05688170436769724,-0.026400783099234104,-3.865855660478701e-06,0.02639957796782255,0.05681837256997824,0.09855959843844175,0.0652537876740098,0.0009236889306855648,0.5799079124583618,0.05685003846883774,-0.0004890065855322286,0.6341659280527341
GPT2-Small,transformer.h.5.attn.c_attn.weight,5,attn_input,"(768, 2304)",1769472,-0.14157943800091743,-0.08090908452868462,-0.03771347086876631,-8.425158011959866e-05,0.03742134338244796,0.08070972748100758,0.1414793524891138,0.09391789877554402,-0.00013830198956990452,0.584892171010038,0.0808094060048461,-0.0001909052978064985,0.6432542525629624
GPT2-Small,transformer.h.5.attn.c_proj.weight,5,attn_output,"(768, 768)",589824,-0.1035658298060298,-0.059594317339360714,-0.027700885431841016,-2.9202145924500655e-05,0.027747830376029015,0.05956915766000748,0.10345417819917202,0.0686349026800599,0.0001635766472049647,0.581005986692492,0.059581737499684095,0.00027898324126533254,0.6359804973719314
GPT2-Small,transformer.h.5.mlp.c_fc.weight,5,ffn_input,"(768, 3072)",2359296,-0.14668147265911102,-0.0862825084477663,-0.04237489867955446,-0.003762058215215802,0.03471136512234807,0.07807170413434505,0.137838214635849,0.09451367851579562,-0.003970722068994717,0.5787293104184351,0.08217710629105568,-0.004178097246193648,0.6310559986085655
GPT2-Small,transformer.h.5.mlp.c_proj.weight,5,ffn_output,"(3072, 768)",2359296,-0.10668857488781214,-0.061639477498829365,-0.028575477888807654,2.41167945205234e-05,0.02856542100198567,0.06154240947216749,0.10666481778025627,0.07063988759182394,-0.00017737904424694687,0.5797988699304141,0.06159094348549843,-0.0011795696532651014,0.6340724988814925
GPT2-Small,transformer.h.6.attn.c_attn.weight,6,attn_input,"(768, 2304)",1769472,-0.14208579808473587,-0.08173444122076035,-0.03799191350117326,0.00020620137365767732,0.038317170925438404,0.08201313577592373,0.14205024763941765,0.09423002955736592,-0.001774751595950804,0.5803278592079445,0.08187378849834204,-0.0008165506605003308,0.6345955314555598
GPT2-Small,transformer.h.6.attn.c_proj.weight,6,attn_output,"(768, 768)",589824,-0.12472239416092634,-0.07144507020711899,-0.03312567761167884,6.266624768613838e-05,0.03305883100256324,0.07146884687244892,0.12484151124954224,0.08267717598937452,-0.0005927752565267837,0.5837984742859523,0.07145695853978395,-0.0007106084006206475,0.6415729151630812
GPT2-Small,transformer.h.6.mlp.c_fc.weight,6,ffn_input,"(768, 3072)",2359296,-0.14542505331337452,-0.08518917858600616,-0.041222036350518465,-0.002418285352177918,0.03624790860339999,0.0795837938785553,0.13930698111653328,0.09463249915279448,-0.0035922484663052385,0.5776915102704475,0.08238648623228073,-0.004665898730815112,0.6289323011410934
GPT2-Small,transformer.h.6.mlp.c_proj.weight,6,ffn_output,"(3072, 768)",2359296,-0.1178510719910264,-0.06812410429120064,-0.031645757146179676,-7.455645391019061e-05,0.03158121183514595,0.06802273727953434,0.11794783640652895,0.07809799362439662,0.0014338444024712123,0.5796934605062732,0.06807342078536749,0.0003506941152893141,0.6337713656272008
GPT2-Small,transformer.h.7.attn.c_attn.weight,7,attn_input,"(768, 2304)",1769472,-0.14510878175497055,-0.08375795371830463,-0.03925508726388216,-0.00013382847100729123,0.03890779009088874,0.08361484855413437,0.14497407339513302,0.09624894912121817,-0.00011581750100679942,0.5796076737233941,0.0836864011362195,0.0007441578091139302,0.633077701149983
GPT2-Small,transformer.h.7.attn.c_proj.weight,7,attn_output,"(768, 768)",589824,-0.12439421191811562,-0.07113585621118546,-0.03302321629598737,0.00015231037104967982,0.03306167991831899,0.0713636577129364,0.12453414220362902,0.08250509039498866,-0.0017255060307670522,0.5838600608796225,0.07124975696206093,-0.000539084227257914,0.6415581810503534
GPT2-Small,transformer.h.7.mlp.c_fc.weight,7,ffn_input,"(768, 3072)",2359296,-0.14713831432163715,-0.08696944266557693,-0.04265647009015083,-0.003323503420688212,0.036056829150766134,0.0800023227930069,0.139882143586874,0.09540721756638959,-0.001369351211650309,0.5749818878814337,0.08348588272929192,-0.0019171686321602427,0.6237795896075116
GPT2-Small,transformer.h.7.mlp.c_proj.weight,7,ffn_output,"(3072, 768)",2359296,-0.13159812428057194,-0.07604476995766163,-0.035362142603844404,9.616300303605385e-06,0.03539672773331404,0.07605919986963272,0.13155442290008068,0.08719078911235556,-0.00019087305664869768,0.5790528542481058,0.07605198491364717,-3.157503805832112e-05,0.6324413395059529
GPT2-Small,transformer.h.8.attn.c_attn.weight,8,attn_input,"(768, 2304)",1769472,-0.14405053853988647,-0.08375290222465992,-0.039222561288625,-0.0002637056168168783,0.038840244989842176,0.08325858041644096,0.14377069845795631,0.09545364556834102,0.0014559677137186474,0.5768402908107345,0.08350574132055044,0.0001981266490874051,0.627976075064658
GPT2-Small,transformer.h.8.attn.c_proj.weight,8,attn_output,"(768, 768)",589824,-0.13487542420625687,-0.0779666155576706,-0.03612118540331721,0.00010230192492599599,0.03629748243838549,0.07794603332877159,0.1347537524998188,0.08928977948380634,-0.0008586858418529567,0.5789691912269872,0.07795632444322109,-0.001444309235711893,0.6324390941751293
GPT2-Small,transformer.h.8.mlp.c_fc.weight,8,ffn_input,"(768, 3072)",2359296,-0.14696084335446358,-0.08627291023731232,-0.041727480944246054,-0.002035098965279758,0.03776638535782695,0.08225373364984989,0.14262859150767326,0.09627457696478814,-0.0007282522293898113,0.5747652355160507,0.0842633219435811,0.0003027494164735892,0.6233304233505483
GPT2-Small,transformer.h.8.mlp.c_proj.weight,8,ffn_output,"(3072, 768)",2359296,-0.15007414482533932,-0.08661231584846973,-0.04030940402299166,-8.797480768407695e-05,0.040269679855555296,0.08664130605757236,0.14997397735714912,0.09942179679637775,0.00028432288451149025,0.579554232021132,0.08662681095302105,0.0011828891206783908,0.6333750368086465
GPT2-Small,transformer.h.9.attn.c_attn.weight,9,attn_input,"(768, 2304)",1769472,-0.1430859100073576,-0.08287368901073933,-0.03883570292964578,-0.00012887380580650643,0.038814921863377094,0.08288467302918434,0.1427152417600155,0.09485482570016757,-0.00021786652662372522,0.5769065921843207,0.08287918101996183,0.0016212251783309884,0.6278733827142192
GPT2-Small,transformer.h.9.attn.c_proj.weight,9,attn_output,"(768, 768)",589824,-0.15027876943349838,-0.08593365922570229,-0.03985390439629555,-5.658084592141677e-05,0.0398732372559607,0.08619864098727703,0.15008297935128212,0.09950025886064395,-0.0007621694033494699,0.5834350240461452,0.08606615010648966,0.00219681868510269,0.6408867099885757
GPT2-Small,transformer.h.9.mlp.c_fc.weight,9,ffn_input,"(768, 3072)",2359296,-0.14815771207213402,-0.08758256770670414,-0.04265547450631857,-0.0027389995520934463,0.037376112304627895,0.0821220688521862,0.14253801479935646,0.09659658349119127,0.00017575117238894766,0.5732667265984942,0.08485231827944517,0.00010312181224867669,0.6206787991542
GPT2-Small,transformer.h.9.mlp.c_proj.weight,9,ffn_output,"(3072, 768)",2359296,-0.17271146923303604,-0.09965433739125729,-0.046279207803308964,-4.4532322135637514e-05,0.04627328738570213,0.09965384006500244,0.17294147424399853,0.11449999513570219,0.0011239159971596652,0.5803349517846199,0.09965408872812986,0.0004443737288996453,0.6349474756086438
GPT2-Small,transformer.h.10.attn.c_attn.weight,10,attn_input,"(768, 2304)",1769472,-0.14239469170570374,-0.08234346099197865,-0.03844542149454355,6.118603778304532e-05,0.03864716412499547,0.08257962763309479,0.1424799058586359,0.09450692153768614,-0.00013352359898864273,0.5779300411651569,0.08246154431253672,0.0006899856563367279,0.6299360922628613
GPT2-Small,transformer.h.10.attn.c_proj.weight,10,attn_output,"(768, 768)",589824,-0.1578370537608862,-0.0901717972010374,-0.04195754835382104,0.0001607832091394812,0.04212693637236953,0.09045897051692009,0.15756729617714882,0.10465062106959522,-0.002582069005364851,0.5833759350811947,0.09031538385897875,-0.00019040555953336828,0.6403113603908125
GPT2-Small,transformer.h.10.mlp.c_fc.weight,10,ffn_input,"(768, 3072)",2359296,-0.14858977869153023,-0.08811326324939728,-0.04318473767489195,-0.003035950241610408,0.03698670584708452,0.0817564595490694,0.14202011562883854,0.0965755709912628,-0.0016850474252905487,0.5725981652851242,0.08493486139923334,-0.00167718656634924,0.6194112974684026
GPT2-Small,transformer.h.10.mlp.c_proj.weight,10,ffn_output,"(3072, 768)",2359296,-0.1966050285845995,-0.11307894997298717,-0.05269097350537777,1.707378396531567e-05,0.05249954992905259,0.11304972507059574,0.19626802392303944,0.13024167221738026,-0.0015964794065863798,0.5810579339922347,0.11306433752179146,-0.0002802495981982425,0.6361036012300565
GPT2-Small,transformer.h.11.attn.c_attn.weight,11,attn_input,"(768, 2304)",1769472,-0.1401392612606287,-0.08050278201699257,-0.03745228657498956,0.00015702533710282296,0.03764369059354067,0.08061855100095272,0.14024658128619194,0.09302534913877025,-0.0007949023275330078,0.581682183623674,0.08056066650897264,-0.0012306358601403213,0.6370660592642494
GPT2-Small,transformer.h.11.attn.c_proj.weight,11,attn_output,"(768, 768)",589824,-0.16522394120693207,-0.09267575107514858,-0.04287596605718136,-6.109727110015228e-05,0.04285042453557253,0.09281076863408089,0.1650375183671713,0.1096238138852641,-0.0004756608285960829,0.5929952532162381,0.09274325985461473,0.0013866889169941688,0.6591720772072415
GPT2-Small,transformer.h.11.mlp.c_fc.weight,11,ffn_input,"(768, 3072)",2359296,-0.1486751139163971,-0.08756875805556774,-0.04232989810407162,-0.002110819914378226,0.03833936573937535,0.08373203128576279,0.1453044805675745,0.09766812453744933,0.0031695547111810773,0.5742734405370415,0.08565039467066526,0.0022470010817318945,0.6226192286116287
GPT2-Small,transformer.h.11.mlp.c_proj.weight,11,ffn_output,"(3072, 768)",2359296,-0.21365012042224407,-0.1226789653301239,-0.05732940137386322,-0.00015248911222442985,0.0569016276858747,0.12228192575275898,0.2131967544555664,0.14166399120585993,-0.0005553871754172682,0.5822659791908578,0.12248044554144144,-0.0003758206157280542,0.6380933797964886
GPT2-Medium,transformer.h.0.attn.c_attn.weight,0,attn_input,"(1024, 3072)",3145728,-0.1444776300340891,-0.06337574124336243,-0.026278053177520633,-4.80638427688973e-05,0.02622284833341837,0.06352008692920208,0.1446236427873373,0.0963768583314959,0.00047760829763085434,0.6992306617881078,0.06344791408628225,0.001895045525455967,0.9322622134934833
GPT2-Medium,transformer.h.0.attn.c_proj.weight,0,attn_output,"(1024, 1024)",1048576,-0.04304448654875159,-0.0240895445458591,-0.0111407256918028,6.635557292611338e-05,0.01121834188234061,0.02413792349398136,0.04302192619070411,0.02860268810763955,-0.0020209419672470633,0.5938073947877375,0.02411373401992023,-0.001748634153057702,0.6604881798136695
GPT2-Medium,transformer.h.0.mlp.c_fc.weight,0,ffn_input,"(1024, 4096)",4194304,-0.11592503264546394,-0.06693370267748833,-0.03141975589096546,-0.00028937918250449,0.03082030499354005,0.0664652157574892,0.11526256240904331,0.0766856413683854,-0.0008700391820091365,0.579649078363348,0.06669945921748877,0.0008266292283592006,0.6332417689441449
GPT2-Medium,transformer.h.0.mlp.c_proj.weight,0,ffn_output,"(4096, 1024)",4194304,-0.09184877201914787,-0.05320695787668228,-0.024903157958760858,3.797508543357253e-05,0.025055947015061975,0.053315989673137665,0.0918606435880065,0.060994958330411464,-5.714079012294288e-05,0.5769298743119721,0.05326147377490997,0.0003105586763149435,0.6278004585386523
GPT2-Medium,transformer.h.1.attn.c_attn.weight,1,attn_input,"(1024, 3072)",3145728,-0.104279275983572,-0.05693751014769077,-0.0260451918002218,-0.00018461402942193672,0.025649082381278276,0.05659173522144556,0.10398538503795862,0.06910228935885243,0.000178107330286626,0.6076146757496176,0.05676462268456817,0.00020658229976253125,0.6895597091786678
GPT2-Medium,transformer.h.1.attn.c_proj.weight,1,attn_output,"(1024, 1024)",1048576,-0.07209878414869308,-0.03919152915477753,-0.017735734349116683,5.7543127695680596e-05,0.0177844671998173,0.03930322453379631,0.07225884776562452,0.04783049912657589,-0.0001498687494225387,0.6092055291156366,0.03924737684428692,-4.319876441718447e-05,0.6932783737190492
GPT2-Medium,transformer.h.1.mlp.c_fc.weight,1,ffn_input,"(1024, 4096)",4194304,-0.11283670552074909,-0.06289462931454182,-0.027499593794345856,0.003091953112743795,0.03341179434210062,0.06881397031247616,0.1190511416643858,0.07687256333883852,-0.0003161024154804372,0.5877407931904187,0.06585429981350899,-0.0020087164262809227,0.6490709776463801
GPT2-Medium,transformer.h.1.mlp.c_proj.weight,1,ffn_output,"(4096, 1024)",4194304,-0.08084431011229753,-0.04603862762451172,-0.02140383655205369,-2.992765985254664e-05,0.021362313767895103,0.0460022846236825,0.08072900213301182,0.05361707039992325,-0.0003692504287177712,0.5860152103527975,0.04602045612409711,0.00025545508297952313,0.6454040872877783
GPT2-Medium,transformer.h.2.attn.c_attn.weight,2,attn_input,"(1024, 3072)",3145728,-0.11557323578745127,-0.061239405535161495,-0.027096546022221446,0.00016355953266611323,0.02741631679236889,0.06127290707081556,0.11557186115533113,0.07649365675752051,-0.0006868068157066331,0.621638499109284,0.06125615630298853,-0.0023966369047533076,0.720875438439706
GPT2-Medium,transformer.h.2.attn.c_proj.weight,2,attn_output,"(1024, 1024)",1048576,-0.0735667236149311,-0.04154466278851032,-0.0191181858535856,5.0793485570466146e-05,0.01926875952631235,0.04170376155525446,0.07368655409663916,0.048802977573359385,0.00022198196083968947,0.5901317832938081,0.04162421217188239,0.0006908454551129542,0.6538642213942772
GPT2-Medium,transformer.h.2.mlp.c_fc.weight,2,ffn_input,"(1024, 4096)",4194304,-0.11760789155960083,-0.06697596795856953,-0.029959889594465494,0.0024082650197669864,0.03479665145277977,0.07170597463846207,0.12253402918577194,0.07966643752297387,0.0008826881071670904,0.5791906964991042,0.0693409712985158,-0.0006238978054471292,0.6323295463481686
GPT2-Medium,transformer.h.2.mlp.c_proj.weight,2,ffn_output,"(4096, 1024)",4194304,-0.08817266207188368,-0.05084375664591789,-0.023610648000612855,3.6501512568065664e-06,0.023611617973074317,0.05083446949720383,0.08812478464096785,0.05840033572167158,-0.000323947812369487,0.5802191124696789,0.05083911307156086,-0.00016313670937109266,0.6347238028989551
GPT2-Medium,transformer.h.3.attn.c_attn.weight,3,attn_input,"(1024, 3072)",3145728,-0.12628996931016445,-0.06921734288334846,-0.03125546686351299,9.842848521657288e-05,0.031394675839692354,0.06940055452287197,0.1264904886484146,0.08363200089661404,-0.00020127794391991348,0.60553648725491,0.06930894870311022,-9.843844961557804e-05,0.6858072399489508
GPT2-Medium,transformer.h.3.attn.c_proj.weight,3,attn_output,"(1024, 1024)",1048576,-0.07438441924750805,-0.042869445867836475,-0.020042431307956576,-5.8709210861707106e-05,0.020010616164654493,0.04290049895644188,0.07430329639464617,0.049335299961967394,0.0001741996127619533,0.5797227342861643,0.04288497241213918,0.0017310435564928943,0.6332909994993527
GPT2-Medium,transformer.h.3.mlp.c_fc.weight,3,ffn_input,"(1024, 4096)",4194304,-0.12150120735168457,-0.07033485360443592,-0.0327222840860486,0.0005856525676790625,0.034039630088955164,0.0715586356818676,0.12276680674403906,0.0811628507799469,0.0009487891990720645,0.5758260783880095,0.07094674464315176,0.0003698333329985932,0.6254906437692835
GPT2-Medium,transformer.h.3.mlp.c_proj.weight,3,ffn_output,"(4096, 1024)",4194304,-0.0918791675940156,-0.0529898377135396,-0.02459213393740356,-1.8763971638691146e-05,0.02455426729284227,0.05293724872171879,0.09182804357260466,0.060838333040010184,-2.4002632431311932e-05,0.5804045765819937,0.052963543217629194,-0.00014218316627291643,0.6351577035898966
GPT2-Medium,transformer.h.4.attn.c_attn.weight,4,attn_input,"(1024, 3072)",3145728,-0.12897038459777832,-0.07196851074695587,-0.03305155225098133,3.744129753613379e-05,0.03316271025687456,0.07201384752988815,0.12897187285125256,0.08556310541462153,-7.635470889872588e-05,0.5961885646372866,0.07199117913842201,-0.00020520439096556866,0.6658037735863702
GPT2-Medium,transformer.h.4.attn.c_proj.weight,4,attn_output,"(1024, 1024)",1048576,-0.07726053986698389,-0.04478795547038317,-0.02094049984589219,-6.88477894073003e-06,0.020950271282345057,0.04473848361521959,0.07731122523546219,0.05129184131510556,0.0008173628301478676,0.5776424259235998,0.04476321954280138,-0.00039879054329388205,0.6293168539098618
GPT2-Medium,transformer.h.4.mlp.c_fc.weight,4,ffn_input,"(1024, 4096)",4194304,-0.12128299009054899,-0.07027571275830269,-0.03268880909308791,0.0005155549151822925,0.033815773203969,0.07143318839371204,0.12252947315573692,0.08094166679074988,0.001051607538689569,0.5757468362117981,0.07085445057600737,0.0008917280708373741,0.6256060117177338
GPT2-Medium,transformer.h.4.mlp.c_proj.weight,4,ffn_output,"(4096, 1024)",4194304,-0.0921015776693821,-0.053240071050822735,-0.024762232787907124,1.416313943991554e-05,0.024801634484902024,0.05319207813590765,0.09196606650948524,0.06100377949769609,-0.0006262883974396775,0.5787968273750317,0.05321607459336519,-0.0007170689906958221,0.6318756970230743
GPT2-Medium,transformer.h.5.attn.c_attn.weight,5,attn_input,"(1024, 3072)",3145728,-0.12804297544062138,-0.07229641266167164,-0.033405906055122614,-4.2657928133849055e-05,0.033354364801198244,0.07217573560774326,0.1277659758925438,0.08484542125370353,-0.0005937339739778904,0.5904424100405976,0.07223607413470745,-0.0002447613473202792,0.6542737916664121
GPT2-Medium,transformer.h.5.attn.c_proj.weight,5,attn_output,"(1024, 1024)",1048576,-0.08416163921356201,-0.04871041886508465,-0.022750818403437734,4.5848595618736e-05,0.022797094890847802,0.04868256114423275,0.0841268626973033,0.055840410699602216,-0.0006191157226615948,0.5780636186312308,0.0486964900046587,-0.0012275516374787238,0.6301305730907782
GPT2-Medium,transformer.h.5.mlp.c_fc.weight,5,ffn_input,"(1024, 4096)",4194304,-0.12018898315727711,-0.06925135850906372,-0.03183601377531886,0.0010723219020292163,0.03416025172919035,0.07154055126011372,0.12249597255140543,0.08055748051265255,0.0011431609469681732,0.5767239134059193,0.07039595488458872,0.0010266850362960834,0.6274816873137355
GPT2-Medium,transformer.h.5.mlp.c_proj.weight,5,ffn_output,"(4096, 1024)",4194304,-0.09176079276949167,-0.05304198618978262,-0.02472718828357756,1.5584130778734107e-05,0.024755045538768172,0.053006742149591446,0.09170426148921251,0.0608430509455502,-0.00028805064615893054,0.5788072902369401,0.05302436416968703,-0.0006262432637203441,0.6317040408423876
GPT2-Medium,transformer.h.6.attn.c_attn.weight,6,attn_input,"(1024, 3072)",3145728,-0.12311257421970367,-0.07033942826092243,-0.03256635135039687,-0.00010538273636484519,0.03238395508378744,0.0700992438942194,0.12302064336836338,0.0815466534695588,0.0007671211036613423,0.5856064082316579,0.07021933607757092,-0.00020947858251496557,0.6450606103485904
GPT2-Medium,transformer.h.6.attn.c_proj.weight,6,attn_output,"(1024, 1024)",1048576,-0.09060666244477034,-0.0521549116820097,-0.024311149725690484,-7.034693408058956e-05,0.02437004493549466,0.05211591813713312,0.0905559379607439,0.060123715695226565,0.0013831371116171753,0.580795163751162,0.05213541490957141,0.0009753477886481033,0.635275493511068
GPT2-Medium,transformer.h.6.mlp.c_fc.weight,6,ffn_input,"(1024, 4096)",4194304,-0.11909852735698223,-0.06862539984285831,-0.03161197016015649,0.0011917401570826769,0.03409578464925289,0.07122304290533066,0.12176848109811544,0.0800034255371429,0.0011438530665522227,0.5761682225702495,0.06992422137409449,0.0015313917273473755,0.6262467075199398
GPT2-Medium,transformer.h.6.mlp.c_proj.weight,6,ffn_output,"(4096, 1024)",4194304,-0.09298464376479387,-0.05375750456005335,-0.025073733646422625,4.005295522802044e-05,0.025112960021942854,0.05370271857827902,0.09290513955056667,0.06166362308431417,-0.0006723680384926715,0.5786948607631939,0.053730111569166183,-0.0012552727724818341,0.631410794077293
GPT2-Medium,transformer.h.7.attn.c_attn.weight,7,attn_input,"(1024, 3072)",3145728,-0.12060631811618805,-0.06933131627738476,-0.03228281810879707,-4.835434629058e-05,0.0321486871689558,0.06912085227668285,0.12046636082231998,0.07995102694258094,-2.2673144351811105e-05,0.5820641877096319,0.0692260842770338,-0.0008216217146235682,0.637914073522706
GPT2-Medium,transformer.h.7.attn.c_proj.weight,7,attn_output,"(1024, 1024)",1048576,-0.09536955878138542,-0.05499949399381876,-0.025726885301992297,4.1321738535771146e-05,0.025660555576905608,0.05504310131072998,0.09531726874411106,0.06326720182551071,-0.001528532570725705,0.5795264550159623,0.05502129765227437,-0.0003547368185227465,0.6329339391763712
GPT2-Medium,transformer.h.7.mlp.c_fc.weight,7,ffn_input,"(1024, 4096)",4194304,-0.11868544854223728,-0.06875336915254593,-0.03200962673872709,0.0005602212331723422,0.033239349722862244,0.07004517316818237,0.12017990928143263,0.07934323977679014,0.0017442778938296882,0.5757412729781756,0.06939927116036415,0.0012346062604590368,0.6254258094472529
GPT2-Medium,transformer.h.7.mlp.c_proj.weight,7,ffn_output,"(4096, 1024)",4194304,-0.09745966363698244,-0.05637569073587656,-0.026373523520305753,3.794142685364932e-05,0.02630257047712803,0.056329439394176006,0.09743123780936003,0.06466134075890295,-0.0009842924262253147,0.5784627345225271,0.05635256506502628,-0.001083661367205908,0.6309154130109443
GPT2-Medium,transformer.h.8.attn.c_attn.weight,8,attn_input,"(1024, 3072)",3145728,-0.12179121281951666,-0.0702552329748869,-0.03271976625546813,3.158527943014633e-05,0.03290711063891649,0.07046604715287685,0.12207224126905203,0.08087855408666655,0.001129483451736475,0.5796552049739071,0.07036064006388187,0.0010491918421692752,0.6332964603234117
GPT2-Medium,transformer.h.8.attn.c_proj.weight,8,attn_output,"(1024, 1024)",1048576,-0.09879962354898453,-0.0574877830222249,-0.027016926323994994,3.660346192191355e-05,0.026899764547124505,0.05737462732940912,0.09876313246786594,0.06558918999508023,-0.0010052626121593567,0.5755859461929299,0.05743120517581701,-0.0016224856860402508,0.6252962335805948
GPT2-Medium,transformer.h.8.mlp.c_fc.weight,8,ffn_input,"(1024, 4096)",4194304,-0.11795605067163706,-0.06800510175526142,-0.03152739396318793,0.0009141653426922858,0.03342306986451149,0.07009464874863625,0.12017678283154964,0.07913129887310788,0.0013534585360377438,0.5766519032673582,0.06904987525194883,0.0018915045612836246,0.6270191258260074
GPT2-Medium,transformer.h.8.mlp.c_proj.weight,8,ffn_output,"(4096, 1024)",4194304,-0.09357465710490942,-0.05432114005088806,-0.025468994164839387,-6.129220537332003e-06,0.02550590643659234,0.05424116551876068,0.09350129961967468,0.06212849510484375,0.00020048608118526664,0.5764582209474362,0.05428115278482437,-0.0006237532511620503,0.626833850888677
GPT2-Medium,transformer.h.9.attn.c_attn.weight,9,attn_input,"(1024, 3072)",3145728,-0.11904494557529688,-0.06837200745940208,-0.03168404381722212,0.00011209887452423573,0.031866489443928,0.06853027455508709,0.11916838772594929,0.07893587945727631,-0.0004681994067872538,0.5819338582911463,0.06845114100724459,-0.00048158914806466436,0.6379104769839061
GPT2-Medium,transformer.h.9.attn.c_proj.weight,9,attn_output,"(1024, 1024)",1048576,-0.09895816538482904,-0.05714771710336208,-0.026815372053533792,-1.9518713997968007e-05,0.026892540976405144,0.057182262651622295,0.09875195659697056,0.06569926819065586,-0.0005708986335801399,0.5781044981137243,0.05716498987749219,0.0006436017605691914,0.6297657414987108
GPT2-Medium,transformer.h.9.mlp.c_fc.weight,9,ffn_input,"(1024, 4096)",4194304,-0.1185316601768136,-0.06894366815686226,-0.03244925756007433,-5.7932516938308254e-05,0.03240001434460282,0.06893832609057426,0.11870336998254061,0.07881111471215263,0.0013347483440669852,0.5755983482880334,0.06894099712371826,0.0008015765088970415,0.6251206301285493
GPT2-Medium,transformer.h.9.mlp.c_proj.weight,9,ffn_output,"(4096, 1024)",4194304,-0.10011366568505764,-0.057940165512263775,-0.02718219719827175,4.640766383090522e-05,0.02723139268346131,0.058055768720805645,0.10019681416451931,0.0665225425909739,-0.00038602672450537007,0.5775433686838651,0.05799796711653471,0.00019645413462744497,0.6288879473770813
GPT2-Medium,transformer.h.10.attn.c_attn.weight,10,attn_input,"(1024, 3072)",3145728,-0.12159876804798841,-0.069847472012043,-0.03251248365268111,-2.1616015146719292e-05,0.03250200999900699,0.06990140117704868,0.12150713708251715,0.0806079312460497,-0.0003741010074080273,0.5816511844396071,0.06987443659454584,0.0006952556616871996,0.6371837118065531
GPT2-Medium,transformer.h.10.attn.c_proj.weight,10,attn_output,"(1024, 1024)",1048576,-0.09954885765910149,-0.05750142317265272,-0.02705411263741553,-7.184542482718825e-05,0.026885753264650702,0.057363332249224186,0.09946756716817617,0.06614242016803473,0.00019275763977384623,0.5790438143552064,0.057432377710938454,4.8752345358448345e-05,0.6315103287878522
GPT2-Medium,transformer.h.10.mlp.c_fc.weight,10,ffn_input,"(1024, 4096)",4194304,-0.1177453575655818,-0.0685227308422327,-0.03232105914503336,-0.00017230171943083405,0.03212015051394701,0.06845670938491821,0.11778648290783167,0.07824503374285996,0.0016472400135879365,0.5752735879397392,0.06848972011357546,0.002033750328408472,0.6245120819982769
GPT2-Medium,transformer.h.10.mlp.c_proj.weight,10,ffn_output,"(4096, 1024)",4194304,-0.10224385000765324,-0.059194888919591904,-0.027666402980685234,6.22745938017033e-05,0.027779689757153392,0.05919132102280855,0.10217901784926653,0.06785430773743428,-0.0006368370596680905,0.577627414044805,0.05919310497120023,-0.0010821960129401263,0.6291981776913215
GPT2-Medium,transformer.h.11.attn.c_attn.weight,11,attn_input,"(1024, 3072)",3145728,-0.11850572563707829,-0.06863781623542309,-0.03215364599600434,1.6352732018276583e-05,0.03220125753432512,0.06861613318324089,0.11841173470020294,0.07866364909568802,-0.000360067753737617,0.5773718872426714,0.06862697470933199,-0.0003962619396316979,0.6286251052805278
GPT2-Medium,transformer.h.11.attn.c_proj.weight,11,attn_output,"(1024, 1024)",1048576,-0.10420807916671038,-0.06022335961461067,-0.0283042024821043,0.00013212079647928476,0.028415619861334562,0.06036899145692587,0.10419397428631783,0.06927261565579101,-0.0019060427954679816,0.5776974899408721,0.06029617553576827,-0.0009835594844072,0.628904859063615
GPT2-Medium,transformer.h.11.mlp.c_fc.weight,11,ffn_input,"(1024, 4096)",4194304,-0.11875297129154205,-0.06935961917042732,-0.032859425991773605,-0.0003810516936937347,0.03210956556722522,0.06865496188402176,0.11815717350691557,0.0787010308704339,0.0006682782458229164,0.5744138272254987,0.06900729052722454,0.00041623211506357146,0.6229093764072113
GPT2-Medium,transformer.h.11.mlp.c_proj.weight,11,ffn_output,"(4096, 1024)",4194304,-0.1053388137370348,-0.061068505980074406,-0.0286789839155972,-1.3771913813798164e-06,0.02869655005633831,0.061107962392270565,0.10531339887529612,0.06996628787601367,-0.00016336699271518848,0.5767112571127252,0.061088234186172485,0.000345490383878812,0.6272757785618317
GPT2-Medium,transformer.h.12.attn.c_attn.weight,12,attn_input,"(1024, 3072)",3145728,-0.12079307157546282,-0.06973015516996384,-0.032559209037572145,-6.777977250749245e-05,0.03249898925423622,0.06972155347466469,0.12082522828131914,0.08014075964456424,0.0007412775039930466,0.5795396337272406,0.06972585432231426,0.0009104072725230576,0.6330510514392841
GPT2-Medium,transformer.h.12.attn.c_proj.weight,12,attn_output,"(1024, 1024)",1048576,-0.10499690007418394,-0.06079743057489395,-0.028493818594142795,-4.920452010992449e-05,0.028588318964466453,0.06094713136553764,0.10528007242828608,0.06982352578779683,0.002197061697727743,0.5776694989332659,0.0608722809702158,0.0020379541139992656,0.6291650013033744
GPT2-Medium,transformer.h.12.mlp.c_fc.weight,12,ffn_input,"(1024, 4096)",4194304,-0.11797899100929499,-0.06880403496325016,-0.03243786096572876,3.8752708860556595e-05,0.03247615648433566,0.06888002716004848,0.11807229649275541,0.0784409738262184,-0.0001070917643564766,0.5737047808456496,0.06884203106164932,-1.099053078077757e-05,0.6214854043844572
GPT2-Medium,transformer.h.12.mlp.c_proj.weight,12,ffn_output,"(4096, 1024)",4194304,-0.10788349993526936,-0.06259317323565483,-0.02930238237604499,-2.2469786927103996e-05,0.029331777477636933,0.06268510408699512,0.10794404149055481,0.0716035686491523,0.000463850071269432,0.5765808157229233,0.06263913866132498,0.001092531188324028,0.627376848291488
GPT2-Medium,transformer.h.13.attn.c_attn.weight,13,attn_input,"(1024, 3072)",3145728,-0.12224405631422997,-0.07056252658367157,-0.03283011447638273,8.76416424944182e-06,0.03295293124392629,0.07062332704663277,0.12240147590637207,0.08111425332026556,0.0010001245351057575,0.579679381387497,0.07059292681515217,0.00030649058209203806,0.633429206613876
GPT2-Medium,transformer.h.13.attn.c_proj.weight,13,attn_output,"(1024, 1024)",1048576,-0.10341746918857098,-0.059851801954209805,-0.02800183673389256,0.0001310759034822695,0.02804304054006934,0.05984410084784031,0.10329634603112936,0.06861053398461081,-0.0023191829938227692,0.5777148859496507,0.05984795140102506,-0.0022544874721427176,0.6293821861008505
GPT2-Medium,transformer.h.13.mlp.c_fc.weight,13,ffn_input,"(1024, 4096)",4194304,-0.11933975853025913,-0.06981313973665237,-0.033310947474092245,-0.0007579825178254396,0.03187747998163104,0.0685383789241314,0.11791750136762857,0.07882925309240818,7.327197797374659e-05,0.5738758724866841,0.06917575933039188,0.0017434157966946012,0.62185378992496
GPT2-Medium,transformer.h.13.mlp.c_proj.weight,13,ffn_output,"(4096, 1024)",4194304,-0.11125617194920778,-0.06467228941619396,-0.030319646932184696,-7.12976020622591e-06,0.03038113727234304,0.06478232145309448,0.11127263400703669,0.07384744359296747,0.00011989447156917472,0.5753810709734692,0.06472730543464422,0.0009601168817267583,0.6250376895231489
GPT2-Medium,transformer.h.14.attn.c_attn.weight,14,attn_input,"(1024, 3072)",3145728,-0.119812723249197,-0.06949234753847122,-0.0325272805057466,0.000149668674566783,0.03277398878708482,0.0697387084364891,0.11990938987582922,0.07957600441295654,-0.0010366606012818561,0.5761385662813435,0.06961552798748016,-0.00038049306417104346,0.6263719060766267
GPT2-Medium,transformer.h.14.attn.c_proj.weight,14,attn_output,"(1024, 1024)",1048576,-0.10430830344557762,-0.0606501717120409,-0.028440411435440183,-6.893073077662848e-05,0.02848013606853783,0.060461110435426235,0.10416044108569622,0.06924316397635266,0.0010924457815391169,0.5758563667821741,0.06055564107373357,-0.0004227501695429768,0.6256568105800754
GPT2-Medium,transformer.h.14.mlp.c_fc.weight,14,ffn_input,"(1024, 4096)",4194304,-0.11933576688170433,-0.06985951028764248,-0.03333580447360873,-0.0005732518038712442,0.03226899588480592,0.06885863468050957,0.11831709183752537,0.07904208591207862,0.0005239530663749479,0.5731265461775139,0.06935907248407602,0.0010498121975536154,0.6201353773881388
GPT2-Medium,transformer.h.14.mlp.c_proj.weight,14,ffn_output,"(4096, 1024)",4194304,-0.11707358807325363,-0.06798822246491909,-0.031885042786598206,1.659103963902453e-05,0.03193796752020717,0.06802207604050636,0.11709940526634455,0.07774592674104497,5.7543708900819165e-05,0.5760930344344294,0.06800514925271273,4.937099003549344e-06,0.6262392807923937
GPT2-Medium,transformer.h.15.attn.c_attn.weight,15,attn_input,"(1024, 3072)",3145728,-0.11922570411115885,-0.06938604265451431,-0.03268468892201781,-2.690114160941448e-05,0.03258369630202651,0.06943173334002495,0.1191843431442976,0.07917496818117797,-0.0004787387441850799,0.5747479401787421,0.06940888799726963,0.0007167163428218166,0.6236292895162904
GPT2-Medium,transformer.h.15.attn.c_proj.weight,15,attn_output,"(1024, 1024)",1048576,-0.10905172396451235,-0.06316006928682327,-0.02958511747419834,5.220878301770426e-05,0.029733288334682584,0.06331218965351582,0.1091504069045186,0.07245213651913218,3.217711174716448e-05,0.5771189741013092,0.06323612947016954,0.00037717995279611,0.6281366617129075
GPT2-Medium,transformer.h.15.mlp.c_fc.weight,15,ffn_input,"(1024, 4096)",4194304,-0.11967367120087147,-0.07027450017631054,-0.03351943101733923,-0.000680215482134372,0.032197438180446625,0.06894340552389622,0.1184473130851984,0.07913471863139421,0.0007248087693720746,0.5724827724534204,0.06960895285010338,0.0002107222609539552,0.6191880068198296
GPT2-Medium,transformer.h.15.mlp.c_proj.weight,15,ffn_output,"(4096, 1024)",4194304,-0.12305634934455156,-0.07151555828750134,-0.03349642641842365,-2.8457878215704113e-05,0.03358426224440336,0.0716213546693325,0.12322884798049927,0.08172797900624573,0.0012190954333163911,0.5758822534610569,0.07156845647841692,0.0011367587500762076,0.6259898476232576
GPT2-Medium,transformer.h.16.attn.c_attn.weight,16,attn_input,"(1024, 3072)",3145728,-0.12107996549457312,-0.0703950747847557,-0.03303766017779708,-2.5263026145694312e-05,0.03287755837664008,0.07031142339110374,0.12110824417322874,0.08036216103937477,-4.0538934458642685e-05,0.5760801293795474,0.07035324908792973,-0.00023542154619733734,0.6263853958367052
GPT2-Medium,transformer.h.16.attn.c_proj.weight,16,attn_output,"(1024, 1024)",1048576,-0.11274699307978153,-0.06543179415166378,-0.030666970182210207,5.795245851913933e-05,0.030709300190210342,0.06537524424493313,0.11256002821028233,0.07480447477428243,-0.0013107913021847511,0.5762961040991577,0.06540351919829845,-0.001318391012309756,0.6266128830950894
GPT2-Medium,transformer.h.16.mlp.c_fc.weight,16,ffn_input,"(1024, 4096)",4194304,-0.11993431951850653,-0.07036366313695908,-0.033549705520272255,-0.0005979779525659978,0.03242483036592603,0.06925016641616821,0.11877200286835432,0.07935186446411535,0.00023509474166466643,0.5722172012600748,0.06980691477656364,0.0005906233258199857,0.6186055745821831
GPT2-Medium,transformer.h.16.mlp.c_proj.weight,16,ffn_output,"(4096, 1024)",4194304,-0.13004814833402634,-0.07543092966079712,-0.03531752293929458,8.593982420279644e-05,0.035469514317810535,0.07552625425159931,0.13006485998630524,0.08634822111343965,-0.0005386021246943082,0.5765239071307925,0.07547859195619822,-0.0005071309335488576,0.6270849990587273
GPT2-Medium,transformer.h.17.attn.c_attn.weight,17,attn_input,"(1024, 3072)",3145728,-0.12051410973072052,-0.0703002754598856,-0.03300036583095789,4.682940380007494e-05,0.03310622414574027,0.07020881399512291,0.12045029457658529,0.08002435049274936,-0.00010244197317744048,0.5740011200823258,0.07025454472750425,-0.0013174967760510164,0.6222295476001847
GPT2-Medium,transformer.h.17.attn.c_proj.weight,17,attn_output,"(1024, 1024)",1048576,-0.11450991965830326,-0.06660866364836693,-0.03132286434993148,3.5654371458804235e-05,0.03124353662133217,0.06659398972988129,0.11449456680566072,0.07603841944364831,-0.0008875922237324182,0.5753208423929915,0.06660132668912411,-0.0006455026174222652,0.6247551429027292
GPT2-Medium,transformer.h.17.mlp.c_fc.weight,17,ffn_input,"(1024, 4096)",4194304,-0.11989832017570734,-0.07026726566255093,-0.03335230750963092,-0.0003544438804965466,0.0327885658480227,0.06973002292215824,0.11943478044122458,0.07955341809429228,0.0013013148214184183,0.5721757753744594,0.06999864429235458,0.0012260596068369555,0.6185556485063053
GPT2-Medium,transformer.h.17.mlp.c_proj.weight,17,ffn_output,"(4096, 1024)",4194304,-0.1347387358546257,-0.07828452065587044,-0.03669140115380287,1.0233169177809032e-05,0.03674462577328086,0.07829593494534492,0.1349028665572405,0.08950899710180238,0.0007644092376606543,0.5762262464098254,0.07829022780060768,-5.781084776113334e-05,0.6265327774511199
GPT2-Medium,transformer.h.18.attn.c_attn.weight,18,attn_input,"(1024, 3072)",3145728,-0.12088363617658615,-0.0702538713812828,-0.03291516611352563,1.7312712770944927e-05,0.03298636805266142,0.0703667588531971,0.12097507249563932,0.08025493350578472,0.00019257091615719002,0.5756901060991816,0.07031031511723995,0.000556547401628782,0.6256449505760147
GPT2-Medium,transformer.h.18.attn.c_proj.weight,18,attn_output,"(1024, 1024)",1048576,-0.116469981148839,-0.06725533120334148,-0.031533874571323395,-6.749794238203322e-06,0.03151484299451113,0.06729949079453945,0.11646369099617004,0.0773546906420961,-0.0001782148180325603,0.5788034071270267,0.06727741099894047,0.0004285181223403664,0.6312852711508548
GPT2-Medium,transformer.h.18.mlp.c_fc.weight,18,ffn_input,"(1024, 4096)",4194304,-0.12012206576764584,-0.07046319171786308,-0.03349300241097808,-0.0004008941032225266,0.03276616847142577,0.0698729157447815,0.11957717034965754,0.07965037575922906,0.0008984839899754501,0.5717935310621609,0.07016805373132229,0.0015071832701342807,0.6179452614540657
GPT2-Medium,transformer.h.18.mlp.c_proj.weight,18,ffn_output,"(4096, 1024)",4194304,-0.14071264117956161,-0.08175943978130817,-0.03845353610813618,1.3440976545098238e-05,0.03851454006507993,0.08182399533689022,0.14081557281315327,0.09354025003267452,0.0003409866982290984,0.5756912300403865,0.0817917175590992,0.0002303020624590057,0.6252471030202184
GPT2-Medium,transformer.h.19.attn.c_attn.weight,19,attn_input,"(1024, 3072)",3145728,-0.12009702157229185,-0.06998448260128498,-0.032977085560560226,6.85393279127311e-05,0.03301220713183284,0.07013348117470741,0.12021062895655632,0.07983186276396737,-0.0006265119115385176,0.573953713874144,0.0700589818879962,8.507058820827722e-05,0.6220414325858287
GPT2-Medium,transformer.h.19.attn.c_proj.weight,19,attn_output,"(1024, 1024)",1048576,-0.12418548669666052,-0.07228600792586803,-0.03397839702665806,6.990098427195335e-06,0.03390795271843672,0.07230640761554241,0.12435039971023798,0.08251023467164487,0.0002828224129481863,0.5752570633398811,0.07229620777070522,4.439716146901402e-05,0.6246853819592865
GPT2-Medium,transformer.h.19.mlp.c_fc.weight,19,ffn_input,"(1024, 4096)",4194304,-0.12019179202616215,-0.07038905844092369,-0.033363142516463995,-0.00023327977396547794,0.032894826494157314,0.07007061131298542,0.11983158998191357,0.0797405891935341,2.755536438901371e-05,0.5720880505525434,0.07022983487695456,0.0010544836126425766,0.6185598090252464
GPT2-Medium,transformer.h.19.mlp.c_proj.weight,19,ffn_output,"(4096, 1024)",4194304,-0.146759781986475,-0.08530407398939133,-0.0400635302066803,0.00010444801955600269,0.04021721892058849,0.08536357805132866,0.1469428539276123,0.09757685638032854,7.134079596290059e-05,0.5756817208219248,0.08533382602035999,-0.0008753385623365197,0.6252558239211543
GPT2-Medium,transformer.h.20.attn.c_attn.weight,20,attn_input,"(1024, 3072)",3145728,-0.12021307554095984,-0.07010804116725922,-0.032936081290245056,-5.936767593084369e-05,0.032899199053645134,0.07006508111953735,0.12025298736989498,0.07981972314883024,0.0008925586581424083,0.574284913160337,0.07008656114339828,0.0005405836932474618,0.6229110820891437
GPT2-Medium,transformer.h.20.attn.c_proj.weight,20,attn_output,"(1024, 1024)",1048576,-0.12697035819292068,-0.07345564849674702,-0.03443704405799508,6.599237167392857e-05,0.03467238834127784,0.07363334484398365,0.12686698138713837,0.08433279115706682,-0.0007224788078808508,0.5771101397440102,0.07354449667036533,0.00031077514945585037,0.6279460583188069
GPT2-Medium,transformer.h.20.mlp.c_fc.weight,20,ffn_input,"(1024, 4096)",4194304,-0.12011844012886286,-0.07013360410928726,-0.0330425170250237,0.00016773163224570453,0.03341720253229141,0.07063896209001541,0.1205435749143362,0.07997750892536715,7.328913376916363e-05,0.5722359807909638,0.07038628309965134,0.0012068737597367314,0.6187366622245566
GPT2-Medium,transformer.h.20.mlp.c_proj.weight,20,ffn_output,"(4096, 1024)",4194304,-0.15260015428066254,-0.08862020634114742,-0.04173846449702978,-3.4214559718748205e-06,0.041851273737847805,0.08886351063847542,0.1527001429349184,0.10146283404901624,0.00022071719662163463,0.5753824581682876,0.08874185848981142,0.0014094093448609975,0.6245940832030193
GPT2-Medium,transformer.h.21.attn.c_attn.weight,21,attn_input,"(1024, 3072)",3145728,-0.1209200182929635,-0.07030625455081463,-0.03299230197444558,3.5694569305633195e-05,0.033063944429159164,0.07038618437945843,0.12095268350094557,0.08030024584149942,-0.0002062466033840762,0.5753360888272397,0.07034621946513653,6.070468390106728e-05,0.6248255298120131
GPT2-Medium,transformer.h.21.attn.c_proj.weight,21,attn_output,"(1024, 1024)",1048576,-0.12917439080774784,-0.0749522540718317,-0.03520501917228103,2.3682326173002366e-05,0.03515154216438532,0.07482768036425114,0.12916100770235062,0.08581450133351609,-0.00020522687295313868,0.5768590206269146,0.07488996721804142,-0.0011479398797570191,0.6275167561034362
GPT2-Medium,transformer.h.21.mlp.c_fc.weight,21,ffn_input,"(1024, 4096)",4194304,-0.11970691382884979,-0.06986575201153755,-0.032722312957048416,0.0004976769851054996,0.033765928354114294,0.07096445560455322,0.1209277780726552,0.0799635480507277,0.000960775051134264,0.5719820203814661,0.07041510380804539,0.0007338597631440483,0.6182851447079913
GPT2-Medium,transformer.h.21.mlp.c_proj.weight,21,ffn_output,"(4096, 1024)",4194304,-0.1571556143462658,-0.09126722253859043,-0.042930427473038435,3.841690340777859e-05,0.043081534560769796,0.09143451787531376,0.15763087011873722,0.10462398233357817,0.0014781059900240807,0.5761898269288177,0.0913508702069521,0.0004951322833752603,0.6260874196187578
GPT2-Medium,transformer.h.22.attn.c_attn.weight,22,attn_input,"(1024, 3072)",3145728,-0.12026025727391243,-0.06982979364693165,-0.0327968648634851,8.660926141601522e-06,0.032751275692135096,0.06987808458507061,0.12030097283422947,0.07986404444091022,-0.00028249589626525414,0.5761481884009688,0.06985393911600113,0.0002216702898052087,0.6263536880214112
GPT2-Medium,transformer.h.22.attn.c_proj.weight,22,attn_output,"(1024, 1024)",1048576,-0.13522231578826904,-0.07828485034406185,-0.03682611184194684,-2.910638886532979e-05,0.03678834158927202,0.07856523618102074,0.13513124734163284,0.08977548457914963,-0.0009947546708844416,0.5766118740364021,0.0784250432625413,0.0021587403755457795,0.6271565226941128
GPT2-Medium,transformer.h.22.mlp.c_fc.weight,22,ffn_input,"(1024, 4096)",4194304,-0.11979346536099911,-0.06959885358810425,-0.03228506213054061,0.0011150870122946799,0.03454832546412945,0.07206081226468086,0.12250181846320629,0.08050833531888202,0.0016616848610121362,0.5725187336944731,0.07082983292639256,0.001636207812519682,0.6193078854635943
GPT2-Medium,transformer.h.22.mlp.c_proj.weight,22,ffn_output,"(4096, 1024)",4194304,-0.16024987772107124,-0.09283470921218395,-0.04358762130141258,6.930908057256602e-05,0.04367648297920823,0.09284957498311996,0.16017902083694935,0.10646380501566455,-0.0006225000662822473,0.5770716480784882,0.09284214209765196,-0.0006664666896577861,0.6278527967185299
GPT2-Medium,transformer.h.23.attn.c_attn.weight,23,attn_input,"(1024, 3072)",3145728,-0.12196367140859365,-0.07089215517044067,-0.03336873138323426,-0.00013026328815612942,0.03316423110663891,0.07064415514469147,0.12180632259696722,0.08097953110700473,0.0006985701909722111,0.5761240038979347,0.07076815515756607,8.850414805332847e-05,0.626118595013066
GPT2-Medium,transformer.h.23.attn.c_proj.weight,23,attn_output,"(1024, 1024)",1048576,-0.12361900508403778,-0.07091770507395267,-0.0330994538962841,7.33164488337934e-05,0.033225325867533684,0.07102246396243572,0.12357898149639368,0.08208599511999637,-0.0008200305911392011,0.5818566124425085,0.0709700845181942,-0.00029501169026932973,0.6371459469314998
GPT2-Medium,transformer.h.23.mlp.c_fc.weight,23,ffn_input,"(1024, 4096)",4194304,-0.1203826367855072,-0.06935745291411877,-0.03168902778998017,0.0022147579584270716,0.036202315241098404,0.07421834208071232,0.12564066424965858,0.08182404277613387,0.002863007438920806,0.5732328916127717,0.07178789749741554,0.0030044984236718905,0.6203411863765066
GPT2-Medium,transformer.h.23.mlp.c_proj.weight,23,ffn_output,"(4096, 1024)",4194304,-0.1646366622298956,-0.09489508159458637,-0.04442920861765742,-3.838688371615717e-06,0.044506891164928675,0.09501512721180916,0.16474424302577972,0.10939132468774915,0.00039583612203973595,0.5797399731864248,0.09495510440319777,0.0006725441184482343,0.6330486575321796
OPT-125M,model.decoder.layers.0.self_attn.k_proj.weight,0,attn_input,"(768, 768)",589824,-0.07147216796875,-0.03948974609375,-0.0176239013671875,0.0003790855407714844,0.0180206298828125,0.039581298828125,0.0716552734375,0.047271728515625,-0.003903728211749516,0.6024047772756617,0.0395355224609375,-0.008430625241219606,0.6796603627942879
OPT-125M,model.decoder.layers.0.self_attn.v_proj.weight,0,attn_input,"(768, 768)",589824,-0.01398468017578125,-0.0079193115234375,-0.0036525726318359375,-2.47955322265625e-05,0.0036144256591796875,0.00788116455078125,0.01397705078125,0.00926065444946289,0.0018536635600638483,0.5905463158436743,0.007900238037109375,0.0007242877836793819,0.6548768710767745
OPT-125M,model.decoder.layers.0.self_attn.q_proj.weight,0,attn_input,"(768, 768)",589824,-0.0799560546875,-0.04193115234375,-0.0185089111328125,1.9371509552001953e-05,0.018524169921875,0.041839599609375,0.0797119140625,0.05282020568847656,-0.0015583811793594049,0.6264760047665475,0.0418853759765625,-0.001555384790528233,0.7319672131147541
OPT-125M,model.decoder.layers.0.self_attn.out_proj.weight,0,attn_output,"(768, 768)",589824,-0.01198577880859375,-0.006710052490234375,-0.0030689239501953125,5.8710575103759766e-06,0.0030879974365234375,0.00669097900390625,0.0119476318359375,0.007933616638183594,-0.0010405397283327323,0.5948431301839163,0.0067005157470703125,-0.002299494733845716,0.6632507828067179
OPT-125M,model.decoder.layers.0.fc1.weight,0,ffn_input,"(3072, 768)",2359296,-0.03155517578125,-0.0193939208984375,-0.01053619384765625,-0.0027408599853515625,0.004955291748046875,0.0136260986328125,0.0254364013671875,0.018926143646240234,-0.010808495628731955,0.5772845229397092,0.016510009765625,-0.008664510166358596,0.6284080406654344
OPT-125M,model.decoder.layers.0.fc2.weight,0,ffn_output,"(768, 3072)",2359296,-0.027740478515625,-0.01546478271484375,-0.00696563720703125,-1.1265277862548828e-05,0.00695037841796875,0.01544189453125,0.027740478515625,0.018297195434570312,0.00061568331074742,0.5987178150734911,0.015453338623046875,-1.1571216983460874e-05,0.6724265613428783
OPT-125M,model.decoder.layers.1.self_attn.k_proj.weight,1,attn_input,"(768, 768)",589824,-0.071044921875,-0.036346435546875,-0.01543426513671875,0.0001653432846069336,0.0157623291015625,0.0364990234375,0.0711669921875,0.04681682586669922,-0.0007409708500539814,0.6389154834898454,0.0364227294921875,-0.002444883745286971,0.7619920402178467
OPT-125M,model.decoder.layers.1.self_attn.v_proj.weight,1,attn_input,"(768, 768)",589824,-0.017120361328125,-0.0094757080078125,-0.00423431396484375,6.496906280517578e-06,0.00424957275390625,0.00948333740234375,0.017181396484375,0.011304855346679688,0.0017873713514425511,0.6027501265395647,0.009479522705078125,-0.0002829476861167002,0.6808853118712274
OPT-125M,model.decoder.layers.1.self_attn.q_proj.weight,1,attn_input,"(768, 768)",589824,-0.057891845703125,-0.02569580078125,-0.0101318359375,-6.008148193359375e-05,0.00998687744140625,0.025421142578125,0.05731201171875,0.03796672821044922,-0.0037678028685539174,0.699228856346236,0.0255584716796875,-0.0030223880597014924,0.9300746268656717
OPT-125M,model.decoder.layers.1.self_attn.out_proj.weight,1,attn_output,"(768, 768)",589824,-0.013824462890625,-0.00742340087890625,-0.00335693359375,-1.5228986740112305e-05,0.0033206939697265625,0.007396697998046875,0.0138092041015625,0.009161710739135742,0.0002830041377156687,0.6155827933484269,0.0074100494384765625,0.0002533783783783784,0.707014157014157
OPT-125M,model.decoder.layers.1.fc1.weight,1,ffn_input,"(3072, 768)",2359296,-0.0367431640625,-0.0222015380859375,-0.0120086669921875,-0.0035037994384765625,0.004909515380859375,0.01493072509765625,0.0292205810546875,0.021797657012939453,-0.007415833570319165,0.5930260538577647,0.018566131591796875,-0.007088555578385042,0.6604170947195398
OPT-125M,model.decoder.layers.1.fc2.weight,1,ffn_output,"(768, 3072)",2359296,-0.033111572265625,-0.0180511474609375,-0.00792694091796875,-2.104043960571289e-05,0.00787353515625,0.01806640625,0.033172607421875,0.021752357482910156,0.0009234293480643606,0.6108553641106581,0.01805877685546875,0.0015875844951415293,0.698880439374736
OPT-125M,model.decoder.layers.2.self_attn.k_proj.weight,2,attn_input,"(768, 768)",589824,-0.06695556640625,-0.034698486328125,-0.014048576354980469,8.803606033325195e-05,0.01433563232421875,0.03460693359375,0.0667724609375,0.04346573352813721,-0.0006020015523137978,0.637433251877998,0.0346527099609375,-0.0038615285116688682,0.7599969726992515
OPT-125M,model.decoder.layers.2.self_attn.v_proj.weight,2,attn_input,"(768, 768)",589824,-0.019622802734375,-0.01102447509765625,-0.004955291748046875,3.892183303833008e-05,0.00508880615234375,0.01111602783203125,0.0196990966796875,0.012977123260498047,0.0012998346500091862,0.5932390225978321,0.01107025146484375,0.0006191850447966919,0.6611819434872501
OPT-125M,model.decoder.layers.2.self_attn.q_proj.weight,2,attn_input,"(768, 768)",589824,-0.06512451171875,-0.033721923828125,-0.01311492919921875,-4.941225051879883e-05,0.013519287109375,0.03424072265625,0.0653076171875,0.041909217834472656,0.0033408237569689386,0.6384116509272955,0.0339813232421875,0.009087688033228559,0.7636394252357431
OPT-125M,model.decoder.layers.2.self_attn.out_proj.weight,2,attn_output,"(768, 768)",589824,-0.01546478271484375,-0.00872802734375,-0.0040283203125,-1.1026859283447266e-06,0.004032135009765625,0.00875091552734375,0.01549530029296875,0.01026296615600586,0.0008043720670910189,0.5907633694187613,0.008739471435546875,0.00143564491488433,0.6550632911392406
OPT-125M,model.decoder.layers.2.fc1.weight,2,ffn_input,"(3072, 768)",2359296,-0.033782958984375,-0.019439697265625,-0.01020050048828125,-0.0027637481689453125,0.00447845458984375,0.01308441162109375,0.0264739990234375,0.019969940185546875,-0.026743075453677174,0.6126552053486151,0.016262054443359375,-0.025451559934318555,0.7006802721088435
OPT-125M,model.decoder.layers.2.fc2.weight,2,ffn_output,"(768, 3072)",2359296,-0.031341552734375,-0.0158538818359375,-0.006374359130859375,1.5974044799804688e-05,0.006458282470703125,0.0159454345703125,0.031463623046875,0.020414352416992188,0.001880313930673643,0.6481360366252452,0.015899658203125,0.0018744001919385796,0.7857485604606526
OPT-125M,model.decoder.layers.3.self_attn.k_proj.weight,3,attn_input,"(768, 768)",589824,-0.0655517578125,-0.032623291015625,-0.01229095458984375,0.0002390146255493164,0.0124359130859375,0.03289794921875,0.0660400390625,0.04223918914794922,-0.0016623015962610914,0.6597502878688672,0.0327606201171875,-0.003103894969725198,0.8154983698183512
OPT-125M,model.decoder.layers.3.self_attn.v_proj.weight,3,attn_input,"(768, 768)",589824,-0.0227508544921875,-0.01280975341796875,-0.005817413330078125,1.3977289199829102e-05,0.005878448486328125,0.01287078857421875,0.0227813720703125,0.015040397644042969,0.0003388339357047746,0.5921628305116987,0.01284027099609375,0.0012881573083778966,0.6587938205585264
OPT-125M,model.decoder.layers.3.self_attn.q_proj.weight,3,attn_input,"(768, 768)",589824,-0.06524658203125,-0.033477783203125,-0.01308441162109375,-0.00045299530029296875,0.01241302490234375,0.032806396484375,0.0648193359375,0.04176521301269531,0.0050006850253459375,0.6489930127414715,0.03314208984375,0.003539364640883978,0.7887891344383057
OPT-125M,model.decoder.layers.3.self_attn.out_proj.weight,3,attn_output,"(768, 768)",589824,-0.0191192626953125,-0.010894775390625,-0.00502777099609375,2.8371810913085938e-05,0.0050048828125,0.010894775390625,0.019134521484375,0.012660026550292969,-0.0024670433145009417,0.5867419962335216,0.010894775390625,-0.0026041666666666665,0.6475840336134454
OPT-125M,model.decoder.layers.3.fc1.weight,3,ffn_input,"(3072, 768)",2359296,-0.0262298583984375,-0.0132293701171875,-0.006404876708984375,-0.00107574462890625,0.004116058349609375,0.0103302001953125,0.021270751953125,0.015868186950683594,-0.05781597451769938,0.648656770238596,0.01177978515625,-0.03173575129533679,0.7848121761658031
OPT-125M,model.decoder.layers.3.fc2.weight,3,ffn_output,"(768, 3072)",2359296,-0.0247650146484375,-0.00966644287109375,-0.0037403106689453125,-1.1920928955078125e-06,0.003749847412109375,0.00968170166015625,0.0247955322265625,0.016556978225708008,0.0007487940096479229,0.7408308733530132,0.009674072265625,0.0009118690851735015,1.0871944006309149
OPT-125M,model.decoder.layers.4.self_attn.k_proj.weight,4,attn_input,"(768, 768)",589824,-0.06549072265625,-0.036041259765625,-0.016357421875,-0.00011095404624938965,0.0160675048828125,0.03577423095703125,0.065185546875,0.043209075927734375,-0.0010518285953915424,0.6046393572878962,0.035907745361328125,-0.0006282866779985127,0.6840539679167109
OPT-125M,model.decoder.layers.4.self_attn.v_proj.weight,4,attn_input,"(768, 768)",589824,-0.02197265625,-0.01250457763671875,-0.005680084228515625,-1.4126300811767578e-05,0.005741119384765625,0.01251220703125,0.0220489501953125,0.014536857604980469,0.004383159483041396,0.5884668372367644,0.012508392333984375,0.0014343168648978347,0.6515706007929247
OPT-125M,model.decoder.layers.4.self_attn.q_proj.weight,4,attn_input,"(768, 768)",589824,-0.067138671875,-0.037139892578125,-0.0168304443359375,0.0002034306526184082,0.017181396484375,0.037628173828125,0.06756591796875,0.04457664489746094,-0.0007554768730477943,0.5995892345214154,0.037384033203125,0.001088966836734694,0.6733673469387755
OPT-125M,model.decoder.layers.4.self_attn.out_proj.weight,4,attn_output,"(768, 768)",589824,-0.017669677734375,-0.0101165771484375,-0.00470733642578125,-1.7583370208740234e-05,0.0046539306640625,0.010101318359375,0.0177001953125,0.011719703674316406,0.0010934575636748311,0.5846692163723656,0.01010894775390625,0.0009846698113207548,0.6432075471698113
OPT-125M,model.decoder.layers.4.fc1.weight,4,ffn_input,"(3072, 768)",2359296,-0.03564453125,-0.0211181640625,-0.0112457275390625,-0.003215789794921875,0.00450897216796875,0.01348114013671875,0.02679443359375,0.02067279815673828,-0.03482954283341791,0.6002675646999124,0.017299652099609375,-0.03484013230429989,0.6746416758544652
OPT-125M,model.decoder.layers.4.fc2.weight,4,ffn_output,"(768, 3072)",2359296,-0.034149169921875,-0.0178985595703125,-0.007350921630859375,1.0192394256591797e-05,0.007350921630859375,0.01788330078125,0.03411865234375,0.02216815948486328,-0.000803936330393633,0.6324370832437083,0.01789093017578125,-0.0009961353944562899,0.7485074626865672
OPT-125M,model.decoder.layers.5.self_attn.k_proj.weight,5,attn_input,"(768, 768)",589824,-0.06585693359375,-0.0364990234375,-0.0164031982421875,0.0002913475036621094,0.017059326171875,0.03729248046875,0.0667724609375,0.04383659362792969,0.00227341948396641,0.5987468998825218,0.036895751953125,0.002856182795698925,0.6719396195202647
OPT-125M,model.decoder.layers.5.self_attn.v_proj.weight,5,attn_input,"(768, 768)",589824,-0.020660400390625,-0.01165008544921875,-0.00530242919921875,-1.6063451766967773e-05,0.005300045013427734,0.0116729736328125,0.020599365234375,0.01361757516860962,-0.0009870220821570044,0.5912634320355415,0.011661529541015625,0.002358828099443899,0.6572313542688911
OPT-125M,model.decoder.layers.5.self_attn.q_proj.weight,5,attn_input,"(768, 768)",589824,-0.0711669921875,-0.040496826171875,-0.0187530517578125,-0.0003485679626464844,0.0180206298828125,0.03948974609375,0.06976318359375,0.046642303466796875,-0.004303999345710313,0.5885335732395518,0.0399932861328125,-0.003874952308279283,0.651087371232354
OPT-125M,model.decoder.layers.5.self_attn.out_proj.weight,5,attn_output,"(768, 768)",589824,-0.0183258056640625,-0.0104217529296875,-0.004787445068359375,-1.1444091796875e-05,0.004730224609375,0.01038360595703125,0.0183258056640625,0.012112140655517578,-3.936852879807882e-05,0.5888350852328649,0.010402679443359375,-0.0007334066740007334,0.6520902090209021
OPT-125M,model.decoder.layers.5.fc1.weight,5,ffn_input,"(3072, 768)",2359296,-0.03509521484375,-0.0215606689453125,-0.0119171142578125,-0.00360870361328125,0.004581451416015625,0.0138397216796875,0.02667236328125,0.020499706268310547,-0.018073550277965155,0.5829359633411644,0.0177001953125,-0.014224137931034483,0.639385775862069
OPT-125M,model.decoder.layers.5.fc2.weight,5,ffn_output,"(768, 3072)",2359296,-0.033050537109375,-0.0180816650390625,-0.00806427001953125,1.430511474609375e-05,0.00807952880859375,0.018096923828125,0.03302001953125,0.021785736083984375,-0.0010943792680791456,0.60716161793031,0.01808929443359375,-0.00036904259805989033,0.6900042176296921
OPT-125M,model.decoder.layers.6.self_attn.k_proj.weight,6,attn_input,"(768, 768)",589824,-0.0655517578125,-0.03692626953125,-0.0169830322265625,-0.00015991926193237305,0.016693115234375,0.036529541015625,0.065185546875,0.04329109191894531,0.00030152663347578977,0.5934264440234392,0.0367279052734375,-0.0010467516618196926,0.6606771915247196
OPT-125M,model.decoder.layers.6.self_attn.v_proj.weight,6,attn_input,"(768, 768)",589824,-0.0230712890625,-0.0131072998046875,-0.00600433349609375,-2.4497509002685547e-05,0.005939483642578125,0.013031005859375,0.02301025390625,0.015224933624267578,-0.00023881111215509412,0.5892762065833568,0.01306915283203125,-0.001044403093987157,0.6530210157618214
OPT-125M,model.decoder.layers.6.self_attn.q_proj.weight,6,attn_input,"(768, 768)",589824,-0.0670166015625,-0.038116455078125,-0.0175628662109375,-0.00016254186630249023,0.0173187255859375,0.037872314453125,0.06707763671875,0.044368743896484375,0.0034914775169804834,0.589373226721692,0.037994384765625,0.0010651982931726908,0.6528112449799197
OPT-125M,model.decoder.layers.6.self_attn.out_proj.weight,6,attn_output,"(768, 768)",589824,-0.0200653076171875,-0.01141357421875,-0.00524139404296875,3.0100345611572266e-06,0.005207061767578125,0.01139068603515625,0.02008056640625,0.013271808624267578,-0.00033458484532748896,0.5884022563144469,0.011402130126953125,-0.0012676689528270326,0.6511375041820007
OPT-125M,model.decoder.layers.6.fc1.weight,6,ffn_input,"(3072, 768)",2359296,-0.034942626953125,-0.021697998046875,-0.0122528076171875,-0.00406646728515625,0.004047393798828125,0.01318359375,0.0257720947265625,0.020160198211669922,-0.01591806807161948,0.5815889685186499,0.0174407958984375,-0.010936132983377077,0.6366469816272966
OPT-125M,model.decoder.layers.6.fc2.weight,6,ffn_output,"(768, 3072)",2359296,-0.03179931640625,-0.0174407958984375,-0.00783538818359375,1.1324882507324219e-05,0.0078582763671875,0.017425537109375,0.031768798828125,0.02100658416748047,-0.0004937122622236346,0.6057565714804558,0.01743316650390625,-0.001087253829321663,0.686542669584245
OPT-125M,model.decoder.layers.7.self_attn.k_proj.weight,7,attn_input,"(768, 768)",589824,-0.06573486328125,-0.037261962890625,-0.0172271728515625,-5.474686622619629e-05,0.017059326171875,0.03717041015625,0.06561279296875,0.04350471496582031,-0.0007144931825156737,0.5891095620149941,0.0372161865234375,0.00024103756662566624,0.6520090200902009
OPT-125M,model.decoder.layers.7.self_attn.v_proj.weight,7,attn_input,"(768, 768)",589824,-0.0225982666015625,-0.0128326416015625,-0.005847930908203125,6.553530693054199e-05,0.005970001220703125,0.012908935546875,0.022552490234375,0.014927864074707031,-0.003751277710343065,0.5865329329840925,0.01287078857421875,-0.0021279453171310016,0.6474510966212211
OPT-125M,model.decoder.layers.7.self_attn.q_proj.weight,7,attn_input,"(768, 768)",589824,-0.0655517578125,-0.0374755859375,-0.0175933837890625,-0.0002924203872680664,0.0170440673828125,0.037078857421875,0.065185546875,0.043376922607421875,0.0011130287573652272,0.5855245800721133,0.0372772216796875,0.0025231528857961524,0.644494474007368
OPT-125M,model.decoder.layers.7.self_attn.out_proj.weight,7,attn_output,"(768, 768)",589824,-0.0196075439453125,-0.01116943359375,-0.005130767822265625,-5.960464477539062e-07,0.005126953125,0.01117706298828125,0.0196685791015625,0.012988567352294922,0.0015510848415874298,0.587503212305885,0.011173248291015625,0.00039475930351655857,0.649283031751451
OPT-125M,model.decoder.layers.7.fc1.weight,7,ffn_input,"(3072, 768)",2359296,-0.034912109375,-0.021759033203125,-0.0123291015625,-0.004123687744140625,0.00403594970703125,0.01323699951171875,0.0258636474609375,0.020178794860839844,-0.01233517652062952,0.5804622146604281,0.017498016357421875,-0.007848266841072597,0.6345105733594942
OPT-125M,model.decoder.layers.7.fc2.weight,7,ffn_output,"(768, 3072)",2359296,-0.031463623046875,-0.0174102783203125,-0.00788116455078125,1.531839370727539e-05,0.007904052734375,0.0174102783203125,0.031341552734375,0.020766258239746094,-0.002528702640642939,0.6003673938002296,0.0174102783203125,-0.0008798477212971078,0.6751752848378615
OPT-125M,model.decoder.layers.8.self_attn.k_proj.weight,8,attn_input,"(768, 768)",589824,-0.06317138671875,-0.036102294921875,-0.01666259765625,8.067488670349121e-05,0.016845703125,0.03619384765625,0.06329345703125,0.0419158935546875,0.00025951606297779393,0.5845467783036039,0.0361480712890625,-0.0009654324081891094,0.6428872942169692
OPT-125M,model.decoder.layers.8.self_attn.v_proj.weight,8,attn_input,"(768, 768)",589824,-0.025665283203125,-0.01467132568359375,-0.0067291259765625,4.503130912780762e-05,0.006809234619140625,0.01473236083984375,0.02569580078125,0.016986370086669922,-0.0011070796957022148,0.5843696488223901,0.01470184326171875,-0.0009872048521017125,0.6431629475869227
OPT-125M,model.decoder.layers.8.self_attn.q_proj.weight,8,attn_input,"(768, 768)",589824,-0.0670166015625,-0.038482666015625,-0.0179290771484375,-0.00011354684829711914,0.017578125,0.038055419921875,0.06658935546875,0.04428291320800781,-0.001613849765258216,0.583494852909506,0.03826904296875,-0.00261506927830941,0.6408492822966507
OPT-125M,model.decoder.layers.8.self_attn.out_proj.weight,8,attn_output,"(768, 768)",589824,-0.022674560546875,-0.01300811767578125,-0.006053924560546875,-2.9087066650390625e-05,0.006000518798828125,0.01296234130859375,0.02264404296875,0.01502227783203125,0.0006030980192991367,0.5832910106653123,0.0129852294921875,0.00047737955346651,0.6404230317273796
OPT-125M,model.decoder.layers.8.fc1.weight,8,ffn_input,"(3072, 768)",2359296,-0.035614013671875,-0.0222320556640625,-0.0126800537109375,-0.0043487548828125,0.00392913818359375,0.01326751708984375,0.0260772705078125,0.02048778533935547,-0.013080109854303404,0.580738258157613,0.017749786376953125,-0.007522028798624543,0.6349666881581775
OPT-125M,model.decoder.layers.8.fc2.weight,8,ffn_output,"(768, 3072)",2359296,-0.032684326171875,-0.01824951171875,-0.00830078125,-8.165836334228516e-06,0.00826263427734375,0.0181732177734375,0.032562255859375,0.02157306671142578,-0.0015223685955528048,0.5970116263648821,0.01821136474609375,-0.0016462871805613742,0.6683074989526603
OPT-125M,model.decoder.layers.9.self_attn.k_proj.weight,9,attn_input,"(768, 768)",589824,-0.06451416015625,-0.037353515625,-0.017425537109375,0.00017219781875610352,0.0177001953125,0.037506103515625,0.06451416015625,0.042842864990234375,-0.0025056206036862256,0.5766182886653014,0.0374298095703125,-0.002562232470444354,0.6271911944557684
OPT-125M,model.decoder.layers.9.self_attn.v_proj.weight,9,attn_input,"(768, 768)",589824,-0.026763916015625,-0.01523590087890625,-0.006946563720703125,5.1915645599365234e-05,0.007114410400390625,0.015411376953125,0.0269775390625,0.01776409149169922,0.0026607881032909217,0.5864605143071885,0.015323638916015625,0.002337720936021907,0.6473736619367687
OPT-125M,model.decoder.layers.9.self_attn.q_proj.weight,9,attn_input,"(768, 768)",589824,-0.06768798828125,-0.039337158203125,-0.01849365234375,-0.0002880096435546875,0.01800537109375,0.038848876953125,0.06732177734375,0.044769287109375,0.0020023858214042265,0.5778800272665303,0.039093017578125,0.0011221701795472287,0.629976580796253
OPT-125M,model.decoder.layers.9.self_attn.out_proj.weight,9,attn_output,"(768, 768)",589824,-0.02545166015625,-0.01450347900390625,-0.006683349609375,1.6182661056518555e-05,0.006641387939453125,0.01446533203125,0.0254058837890625,0.016826152801513672,-0.0023503698245812906,0.5868166746960637,0.014484405517578125,-0.0024340762444034765,0.6478140637345272
OPT-125M,model.decoder.layers.9.fc1.weight,9,ffn_input,"(3072, 768)",2359296,-0.026275634765625,-0.01346588134765625,-0.00403594970703125,0.00445556640625,0.01297760009765625,0.02264404296875,0.03594970703125,0.020687103271484375,0.011156186612576065,0.5762032085561497,0.018054962158203125,0.007394886963870695,0.6260300021128249
OPT-125M,model.decoder.layers.9.fc2.weight,9,ffn_output,"(768, 3072)",2359296,-0.033233642578125,-0.0187835693359375,-0.00859832763671875,2.5093555450439453e-05,0.008544921875,0.0187225341796875,0.03314208984375,0.021943092346191406,-0.002925485679516711,0.5910295971141727,0.0187530517578125,-0.0029654444670463792,0.656326281529699
OPT-125M,model.decoder.layers.10.self_attn.k_proj.weight,10,attn_input,"(768, 768)",589824,-0.06262969970703125,-0.03619384765625,-0.016998291015625,0.00011083483695983887,0.017181396484375,0.03643798828125,0.0626220703125,0.04162883758544922,-0.002547908409887517,0.576642001328721,0.03631591796875,0.0003093815651260504,0.6269432773109244
OPT-125M,model.decoder.layers.10.self_attn.v_proj.weight,10,attn_input,"(768, 768)",589824,-0.0296630859375,-0.0170745849609375,-0.007876396179199219,-4.869699478149414e-05,0.00778961181640625,0.0169830322265625,0.029693603515625,0.019619107246398926,0.002573263578750372,0.5833804237530154,0.01702880859375,0.00017151097670250895,0.6414230510752689
OPT-125M,model.decoder.layers.10.self_attn.q_proj.weight,10,attn_input,"(768, 768)",589824,-0.0628662109375,-0.036468505859375,-0.0172882080078125,-0.0003230571746826172,0.0167388916015625,0.03607177734375,0.06268310546875,0.041706085205078125,0.0035385987377663953,0.5786152016829781,0.0362701416015625,0.0034378944047118217,0.6308371897349601
OPT-125M,model.decoder.layers.10.self_attn.out_proj.weight,10,attn_output,"(768, 768)",589824,-0.029266357421875,-0.01666259765625,-0.00766754150390625,-1.1861324310302734e-05,0.007659912109375,0.0167083740234375,0.0292816162109375,0.01936054229736328,0.0001693266341559529,0.5866213487020344,0.01668548583984375,0.0020826188843164153,0.6475765889346137
OPT-125M,model.decoder.layers.10.fc1.weight,10,ffn_input,"(3072, 768)",2359296,-0.0262908935546875,-0.0132293701171875,-0.003574371337890625,0.005046844482421875,0.013671875,0.0234375,0.03692626953125,0.021007061004638672,0.008375893769152196,0.576574736125298,0.01833343505859375,0.003121098626716604,0.62687265917603
OPT-125M,model.decoder.layers.10.fc2.weight,10,ffn_output,"(768, 3072)",2359296,-0.03338623046875,-0.0189361572265625,-0.00867462158203125,3.1322240829467773e-05,0.0086669921875,0.0189056396484375,0.0333251953125,0.02205944061279297,-0.0022413103627167007,0.5890363581341057,0.0189208984375,-0.002461882560483871,0.6523185483870968
OPT-125M,model.decoder.layers.11.self_attn.k_proj.weight,11,attn_input,"(768, 768)",589824,-0.0604248046875,-0.035003662109375,-0.0164031982421875,1.2814998626708984e-06,0.01654052734375,0.03509521484375,0.060394287109375,0.04013633728027344,0.0003957670009029131,0.5764862424559236,0.0350494384765625,0.0012694887353069222,0.6267958206356117
OPT-125M,model.decoder.layers.11.self_attn.v_proj.weight,11,attn_input,"(768, 768)",589824,-0.03253173828125,-0.018524169921875,-0.00843048095703125,4.64022159576416e-05,0.008544921875,0.018585205078125,0.03265380859375,0.02153301239013672,0.0012553146729261703,0.5874928030470792,0.0185546875,-0.0008560983758223685,0.6495682565789473
OPT-125M,model.decoder.layers.11.self_attn.q_proj.weight,11,attn_input,"(768, 768)",589824,-0.06280517578125,-0.036529541015625,-0.0173187255859375,-0.0002722740173339844,0.0166778564453125,0.035919189453125,0.0625,0.0416259765625,0.001683925953079179,0.5782624633431085,0.036224365234375,-0.0009082771693344566,0.6301600673967986
OPT-125M,model.decoder.layers.11.self_attn.out_proj.weight,11,attn_output,"(768, 768)",589824,-0.032440185546875,-0.018524169921875,-0.00864410400390625,2.473592758178711e-06,0.0086517333984375,0.0185546875,0.032470703125,0.02155780792236328,0.00019492368944923688,0.5844282238442823,0.0185394287109375,0.0006896219135802469,0.6420781893004115
OPT-125M,model.decoder.layers.11.fc1.weight,11,ffn_input,"(3072, 768)",2359296,-0.0264892578125,-0.0133209228515625,-0.003810882568359375,0.004642486572265625,0.0131378173828125,0.0229034423828125,0.03643798828125,0.020897388458251953,0.009104392470051341,0.5805590416428978,0.0181121826171875,0.008213984835720303,0.6346356360572872
OPT-125M,model.decoder.layers.11.fc2.weight,11,ffn_output,"(768, 3072)",2359296,-0.033966064453125,-0.0193328857421875,-0.00899505615234375,4.455447196960449e-05,0.009033203125,0.019378662109375,0.033935546875,0.022545814514160156,-0.002356869421767269,0.585465927837232,0.01935577392578125,-0.0011193708119826566,0.6441663381947181
Pythia-160M,gpt_neox.layers.0.attention.query_key_value.weight,0,attn_input,"(2304, 768)",1769472,-0.032867431640625,-0.0174713134765625,-0.0078582763671875,3.108382225036621e-05,0.00791168212890625,0.0175933837890625,0.032806396484375,0.021775245666503906,-0.0029603534358165814,0.6176586519511233,0.0175323486328125,0.0017083469321148826,0.7115970409051349
Pythia-160M,gpt_neox.layers.0.attention.dense.weight,0,attn_output,"(768, 768)",589824,-0.0207977294921875,-0.01195526123046875,-0.005584716796875,2.5391578674316406e-05,0.005603790283203125,0.01195526123046875,0.020751953125,0.013799190521240234,-0.0025657417326099725,0.5807042399530046,0.01195526123046875,-0.0021238832163369497,0.6348915124441609
Pythia-160M,gpt_neox.layers.0.mlp.dense_h_to_4h.weight,0,ffn_input,"(3072, 768)",2359296,-0.032958984375,-0.0191650390625,-0.00896453857421875,5.9098005294799805e-05,0.00908660888671875,0.0192413330078125,0.032958984375,0.021886825561523438,-0.001480119825708061,0.5744662309368191,0.01920318603515625,-0.0010910185736988478,0.6231624950337704
Pythia-160M,gpt_neox.layers.0.mlp.dense_4h_to_h.weight,0,ffn_output,"(768, 3072)",2359296,-0.0210723876953125,-0.01230621337890625,-0.00579071044921875,3.0279159545898438e-05,0.00583648681640625,0.0123443603515625,0.021087646484375,0.014007568359375,-0.0012084694989106754,0.5725081699346405,0.012325286865234375,-0.0009091612503868772,0.6193129062209842
Pythia-160M,gpt_neox.layers.1.attention.query_key_value.weight,1,attn_input,"(2304, 768)",1769472,-0.03314208984375,-0.0182037353515625,-0.00829315185546875,1.4901161193847656e-06,0.008331298828125,0.0182037353515625,0.033233642578125,0.02202320098876953,0.0021408002424977268,0.6046420993374616,0.0182037353515625,-8.185771165129925e-05,0.6832564962279967
Pythia-160M,gpt_neox.layers.1.attention.dense.weight,1,attn_output,"(768, 768)",589824,-0.02001953125,-0.01169586181640625,-0.0054931640625,1.4394521713256836e-05,0.005519866943359375,0.01166534423828125,0.020050048828125,0.013315677642822266,0.001103401969561325,0.573930170098478,0.01168060302734375,-0.002538679784454605,0.6218974526453298
Pythia-160M,gpt_neox.layers.1.mlp.dense_h_to_4h.weight,1,ffn_input,"(3072, 768)",2359296,-0.0340576171875,-0.019866943359375,-0.00934600830078125,-2.3245811462402344e-06,0.0093231201171875,0.01983642578125,0.034027099609375,0.022606849670410156,-0.00044558110103353724,0.5740139211136891,0.0198516845703125,-0.0006515420830130669,0.6223097617217525
Pythia-160M,gpt_neox.layers.1.mlp.dense_4h_to_h.weight,1,ffn_output,"(768, 3072)",2359296,-0.019805908203125,-0.01155853271484375,-0.005451202392578125,-1.761317253112793e-05,0.00543975830078125,0.0115509033203125,0.0198211669921875,0.01316690444946289,0.0015911889327490675,0.5738239235142868,0.011554718017578125,0.0011941853747111258,0.621739848134698
Pythia-160M,gpt_neox.layers.2.attention.query_key_value.weight,2,attn_input,"(2304, 768)",1769472,-0.03338623046875,-0.0186309814453125,-0.0085906982421875,-7.927417755126953e-06,0.0085601806640625,0.0186309814453125,0.033477783203125,0.022190093994140625,0.0013887098160563864,0.5968712394705175,0.0186309814453125,0.00042549651924651924,0.6670761670761671
Pythia-160M,gpt_neox.layers.2.attention.dense.weight,2,attn_output,"(768, 768)",589824,-0.02398681640625,-0.01401519775390625,-0.00661468505859375,-3.9696693420410156e-05,0.006591796875,0.01403045654296875,0.02398681640625,0.015931129455566406,0.0017135588147261299,0.5727027835977252,0.0140228271484375,0.003374931991294886,0.6198313384113167
Pythia-160M,gpt_neox.layers.2.mlp.dense_h_to_4h.weight,2,ffn_input,"(3072, 768)",2359296,-0.032501220703125,-0.0189056396484375,-0.0088958740234375,-5.137920379638672e-05,0.0087890625,0.0187530517578125,0.0323486328125,0.021535873413085938,-0.0003597998405809937,0.5761225755026127,0.018829345703125,-0.001323186790923825,0.6262155591572123
Pythia-160M,gpt_neox.layers.2.mlp.dense_4h_to_h.weight,2,ffn_output,"(768, 3072)",2359296,-0.02197265625,-0.01282501220703125,-0.00605010986328125,3.874301910400391e-06,0.006061553955078125,0.01282501220703125,0.0219879150390625,0.014614582061767578,0.00042007895853045775,0.5734281705765277,0.01282501220703125,-0.0003020895300416419,0.6208358120166567
Pythia-160M,gpt_neox.layers.3.attention.query_key_value.weight,3,attn_input,"(2304, 768)",1769472,-0.0311431884765625,-0.0174713134765625,-0.00807952880859375,-7.987022399902344e-06,0.00806427001953125,0.0174407958984375,0.0311126708984375,0.020671844482421875,-7.496770621885957e-05,0.5936519653072523,0.0174560546875,-0.0004165756118881119,0.6604020979020979
Pythia-160M,gpt_neox.layers.3.attention.dense.weight,3,attn_output,"(768, 768)",589824,-0.02569580078125,-0.0149383544921875,-0.0070343017578125,2.6226043701171875e-06,0.007030487060546875,0.0149383544921875,0.025634765625,0.017054080963134766,-0.0015797567454215015,0.5748357332587726,0.0149383544921875,-0.00017556179775280898,0.6236593462717058
Pythia-160M,gpt_neox.layers.3.mlp.dense_h_to_4h.weight,3,ffn_input,"(3072, 768)",2359296,-0.03118896484375,-0.01812744140625,-0.0085601806640625,-0.00012814998626708984,0.00829315185546875,0.017822265625,0.0308685302734375,0.02060413360595703,-0.000769497801434853,0.5774126359638972,0.017974853515625,-0.0013595606960950764,0.628713921901528
Pythia-160M,gpt_neox.layers.3.mlp.dense_4h_to_h.weight,3,ffn_output,"(768, 3072)",2359296,-0.02203369140625,-0.0128173828125,-0.006008148193359375,7.569789886474609e-06,0.0060272216796875,0.01284027099609375,0.0220184326171875,0.014618396759033203,-0.0008113970708158006,0.5747790064259386,0.012828826904296875,0.0003019997026464466,0.6239220933690157
Pythia-160M,gpt_neox.layers.4.attention.query_key_value.weight,4,attn_input,"(2304, 768)",1769472,-0.0295257568359375,-0.0163421630859375,-0.007480621337890625,2.580881118774414e-05,0.007549285888671875,0.0164031982421875,0.029510498046875,0.019588470458984375,-0.0010741236611489775,0.5992210321324245,0.0163726806640625,0.00028759902143522836,0.6719478098788444
Pythia-160M,gpt_neox.layers.4.attention.dense.weight,4,attn_output,"(768, 768)",589824,-0.0233001708984375,-0.01352691650390625,-0.00635528564453125,3.001093864440918e-05,0.006366729736328125,0.01354217529296875,0.023284912109375,0.015472888946533203,-0.002278575610958735,0.5757650466886499,0.0135345458984375,-0.0016536605129650508,0.6254932356257046
Pythia-160M,gpt_neox.layers.4.mlp.dense_h_to_4h.weight,4,ffn_input,"(3072, 768)",2359296,-0.03082275390625,-0.0177154541015625,-0.00830841064453125,-6.866455078125e-05,0.0081634521484375,0.017547607421875,0.0306243896484375,0.02040386199951172,-0.0008880579574666979,0.5821453610656695,0.01763153076171875,-0.0008654262224145391,0.6377109476417135
Pythia-160M,gpt_neox.layers.4.mlp.dense_4h_to_h.weight,4,ffn_output,"(768, 3072)",2359296,-0.0231170654296875,-0.01345062255859375,-0.006328582763671875,1.0371208190917969e-05,0.00634765625,0.0134735107421875,0.02313232421875,0.015366077423095703,-0.00020946470131885181,0.5747401086113266,0.013462066650390625,7.969679795976198e-05,0.6234769056389912
Pythia-160M,gpt_neox.layers.5.attention.query_key_value.weight,5,attn_input,"(2304, 768)",1769472,-0.03173828125,-0.01739501953125,-0.00797271728515625,1.7464160919189453e-05,0.00800323486328125,0.0174713134765625,0.03179931640625,0.021100997924804688,-0.00010451505016722408,0.604176082436952,0.01743316650390625,0.00118640590809628,0.6820568927789934
Pythia-160M,gpt_neox.layers.5.attention.dense.weight,5,attn_output,"(768, 768)",589824,-0.02703857421875,-0.0157318115234375,-0.00740814208984375,4.470348358154297e-06,0.007381439208984375,0.01568603515625,0.0270233154296875,0.017964839935302734,-0.0004877239548772395,0.5755806237558062,0.01570892333984375,-0.001741591792132103,0.625
Pythia-160M,gpt_neox.layers.5.mlp.dense_h_to_4h.weight,5,ffn_input,"(3072, 768)",2359296,-0.0307159423828125,-0.0177001953125,-0.008270263671875,2.9802322387695312e-05,0.00829315185546875,0.0177001953125,0.0306854248046875,0.020386695861816406,-0.0016021892688403425,0.5798287879496655,0.0177001953125,-0.001683728448275862,0.6332974137931034
Pythia-160M,gpt_neox.layers.5.mlp.dense_4h_to_h.weight,5,ffn_output,"(768, 3072)",2359296,-0.02447509765625,-0.014251708984375,-0.00672149658203125,1.9282102584838867e-05,0.006722927093505859,0.0142822265625,0.0244598388671875,0.01625877618789673,-0.001974140048464497,0.5739010253797058,0.0142669677734375,-0.00028200200534759357,0.6219000668449198
Pythia-160M,gpt_neox.layers.6.attention.query_key_value.weight,6,attn_input,"(2304, 768)",1769472,-0.031341552734375,-0.016876220703125,-0.007709503173828125,1.3113021850585938e-05,0.00771331787109375,0.0169219970703125,0.031341552734375,0.020840167999267578,-0.001109712847500286,0.6122640430156733,0.01689910888671875,0.0005784424379232506,0.6991534988713318
Pythia-160M,gpt_neox.layers.6.attention.dense.weight,6,attn_output,"(768, 768)",589824,-0.024169921875,-0.01378631591796875,-0.006450653076171875,-3.904104232788086e-06,0.0064239501953125,0.01378631591796875,0.0241851806640625,0.016067981719970703,-2.411193874825652e-05,0.5851856248330712,0.01378631591796875,0.00028318691200885445,0.6434006640841173
Pythia-160M,gpt_neox.layers.6.mlp.dense_h_to_4h.weight,6,ffn_input,"(3072, 768)",2359296,-0.0313720703125,-0.01812744140625,-0.00848388671875,-2.0265579223632812e-06,0.00849151611328125,0.018096923828125,0.0312347412109375,0.02078723907470703,-0.0018752580630361977,0.578015323209616,0.0181121826171875,-0.0007305707666385847,0.6298441449031171
Pythia-160M,gpt_neox.layers.6.mlp.dense_4h_to_h.weight,6,ffn_output,"(768, 3072)",2359296,-0.0246124267578125,-0.0142974853515625,-0.006740570068359375,1.7583370208740234e-06,0.006748199462890625,0.014312744140625,0.02459716796875,0.016359329223632812,-0.0005155503089658388,0.5752594147137694,0.01430511474609375,0.0004104166666666667,0.6242666666666666
Pythia-160M,gpt_neox.layers.7.attention.query_key_value.weight,7,attn_input,"(2304, 768)",1769472,-0.035888671875,-0.016815185546875,-0.007251739501953125,8.940696716308594e-08,0.00722503662109375,0.0167694091796875,0.035858154296875,0.023937702178955078,-0.00042205334555088546,0.6734328001434234,0.01679229736328125,-0.0013683410949568379,0.8526238073602908
Pythia-160M,gpt_neox.layers.7.attention.dense.weight,7,attn_output,"(768, 768)",589824,-0.01812744140625,-0.01006317138671875,-0.004673004150390625,0.0,0.004650115966796875,0.01004791259765625,0.0180816650390625,0.01204681396484375,-0.0018207726409119696,0.5978467384420519,0.0100555419921875,-0.0007587253414264037,0.6684370257966616
Pythia-160M,gpt_neox.layers.7.mlp.dense_h_to_4h.weight,7,ffn_input,"(3072, 768)",2359296,-0.031494140625,-0.0182647705078125,-0.00864410400390625,-9.357929229736328e-05,0.00839996337890625,0.0179901123046875,0.031158447265625,0.020822525024414062,-0.002650682421910781,0.5777228176238893,0.01812744140625,-0.0024134574915824917,0.6289983164983165
Pythia-160M,gpt_neox.layers.7.mlp.dense_4h_to_h.weight,7,ffn_output,"(768, 3072)",2359296,-0.025299072265625,-0.0146942138671875,-0.006927490234375,1.7881393432617188e-07,0.00691986083984375,0.0147247314453125,0.02532958984375,0.016823768615722656,4.605747973470892e-05,0.5756476390227311,0.01470947265625,0.0010251880186721992,0.6251296680497925
Pythia-160M,gpt_neox.layers.8.attention.query_key_value.weight,8,attn_input,"(2304, 768)",1769472,-0.03948974609375,-0.0162811279296875,-0.00685882568359375,3.311038017272949e-05,0.006900787353515625,0.016326904296875,0.0396728515625,0.02669382095336914,0.001492693949732945,0.7184401850627892,0.01630401611328125,-0.0006269741459990642,1.0028661675245671
Pythia-160M,gpt_neox.layers.8.attention.dense.weight,8,attn_output,"(768, 768)",589824,-0.0152435302734375,-0.00867462158203125,-0.00403594970703125,3.8743019104003906e-07,0.00403594970703125,0.00864410400390625,0.0152587890625,0.010135650634765625,0.001279050621001129,0.587316522393677,0.00865936279296875,-0.0018068557268722466,0.6475770925110133
Pythia-160M,gpt_neox.layers.8.mlp.dense_h_to_4h.weight,8,ffn_input,"(3072, 768)",2359296,-0.03228759765625,-0.018707275390625,-0.0087890625,1.3440847396850586e-05,0.00878143310546875,0.0186614990234375,0.03216552734375,0.021416664123535156,-0.0023642405486039987,0.5767912009618382,0.01868438720703125,-0.0019443522866476113,0.6272968558595345
Pythia-160M,gpt_neox.layers.8.mlp.dense_4h_to_h.weight,8,ffn_output,"(768, 3072)",2359296,-0.029266357421875,-0.0170440673828125,-0.00800323486328125,1.5288591384887695e-05,0.008026123046875,0.017059326171875,0.0293121337890625,0.01945209503173828,0.0003416556356326911,0.5748394371721331,0.01705169677734375,-0.00044917505592841165,0.6238255033557047
Pythia-160M,gpt_neox.layers.9.attention.query_key_value.weight,9,attn_input,"(2304, 768)",1769472,-0.040863037109375,-0.0163726806640625,-0.006801605224609375,-6.198883056640625e-06,0.00677490234375,0.016326904296875,0.041046142578125,0.02763223648071289,0.002761048508170978,0.7292446806674835,0.01634979248046875,-0.0010207652823145123,1.0448553429771348
Pythia-160M,gpt_neox.layers.9.attention.dense.weight,9,attn_output,"(768, 768)",589824,-0.01457977294921875,-0.008392333984375,-0.00391387939453125,1.5676021575927734e-05,0.00395965576171875,0.00839996337890625,0.014556884765625,0.009680747985839844,-0.0009297113584868486,0.5798443503103142,0.008396148681640625,-0.0014127101317582917,0.6331213084961381
Pythia-160M,gpt_neox.layers.9.mlp.dense_h_to_4h.weight,9,ffn_input,"(3072, 768)",2359296,-0.031646728515625,-0.01849365234375,-0.0087890625,-0.0001417994499206543,0.008453369140625,0.01812744140625,0.0312347412109375,0.020891189575195312,-0.002251095590249247,0.5745457865424998,0.018310546875,-0.002255859375,0.623125
Pythia-160M,gpt_neox.layers.9.mlp.dense_4h_to_h.weight,9,ffn_output,"(768, 3072)",2359296,-0.031005859375,-0.01800537109375,-0.00844573974609375,8.64267349243164e-06,0.00847625732421875,0.018035888671875,0.0310516357421875,0.02060699462890625,0.0005987365790447982,0.5760829322473158,0.0180206298828125,0.00036714119390347165,0.6261642675698561
Pythia-160M,gpt_neox.layers.10.attention.query_key_value.weight,10,attn_input,"(2304, 768)",1769472,-0.056182861328125,-0.019073486328125,-0.007534027099609375,-3.993511199951172e-06,0.00749969482421875,0.019012451171875,0.055877685546875,0.03813886642456055,-0.002833414600602628,0.776627533350837,0.01904296875,-0.0013928535657051282,1.273788060897436
Pythia-160M,gpt_neox.layers.10.attention.dense.weight,10,attn_output,"(768, 768)",589824,-0.01560211181640625,-0.0090484619140625,-0.004245758056640625,1.5020370483398438e-05,0.004253387451171875,0.00904083251953125,0.01560211181640625,0.010366439819335938,-0.0009889604415823368,0.5769089236430542,0.009044647216796875,-0.00208245466048081,0.6275832981864192
Pythia-160M,gpt_neox.layers.10.mlp.dense_h_to_4h.weight,10,ffn_input,"(3072, 768)",2359296,-0.0316162109375,-0.0184173583984375,-0.00867462158203125,1.4901161193847656e-06,0.0087127685546875,0.0184783935546875,0.03167724609375,0.02103137969970703,0.0009720899650841156,0.5740262095859974,0.0184478759765625,0.001573485318444996,0.6221050454921423
Pythia-160M,gpt_neox.layers.10.mlp.dense_4h_to_h.weight,10,ffn_output,"(768, 3072)",2359296,-0.03460693359375,-0.0200958251953125,-0.0094146728515625,4.231929779052734e-06,0.00940704345703125,0.020111083984375,0.034637451171875,0.022973060607910156,2.335090705301175e-05,0.5764041678774544,0.02010345458984375,0.0001689990512333966,0.6270398481973435
Pythia-160M,gpt_neox.layers.11.attention.query_key_value.weight,11,attn_input,"(2304, 768)",1769472,-0.0643310546875,-0.0213165283203125,-0.0084381103515625,8.821487426757812e-06,0.00844573974609375,0.0213775634765625,0.0643310546875,0.043906211853027344,-0.0004832859097721497,0.7823149938095962,0.0213470458984375,0.0010163509649749821,1.309060042887777
Pythia-160M,gpt_neox.layers.11.attention.dense.weight,11,attn_output,"(768, 768)",589824,-0.016357421875,-0.009552001953125,-0.00449371337890625,1.5616416931152344e-05,0.00450897216796875,0.009552001953125,0.016357421875,0.010868072509765625,-0.0009104071604071604,0.5731835731835732,0.009552001953125,-0.0016348841853035144,0.6206070287539937
Pythia-160M,gpt_neox.layers.11.mlp.dense_h_to_4h.weight,11,ffn_input,"(3072, 768)",2359296,-0.0306243896484375,-0.0177764892578125,-0.00830078125,0.00012230873107910156,0.008544921875,0.0180206298828125,0.03082275390625,0.020410537719726562,-0.0008527240444818242,0.5744322960470984,0.0178985595703125,-1.3320545609548167e-05,0.6229752770673487
Pythia-160M,gpt_neox.layers.11.mlp.dense_4h_to_h.weight,11,ffn_output,"(768, 3072)",2359296,-0.03411865234375,-0.019683837890625,-0.00926971435546875,-3.927946090698242e-05,0.00920867919921875,0.0196685791015625,0.03411865234375,0.022680282592773438,0.0008909048860482718,0.5794298208729292,0.01967620849609375,0.0016085449786739047,0.6322217913920124
